Timestamp,MatCode,Source,Fabric,Color,Length (m),Price,PPL (Price per Length),(AEPL) Added expenses per Length,TPPL (Total Price per Length)
11/11/2022 00:24:57,KC-1,Sasta-Khadi-Bhandar,Khadi-cotton,Grey,1.0,120.0,120.0,,120
11/11/2022 00:29:52,KC-2,Sasta-Khadi-Bhandar,Khadi-cotton,Pink,1.0,112.0,112.0,,112
11/11/2022 00:34:07,CC-1,Bhagaban-Fulia,Comfortable-cotton,Bottle-green,0.0,0.0,55.38461538,,55.38461538
11/11/2022 00:35:03,CC-2,Bhagaban-Fulia,Comfortable-cotton,Dark-red,0.0,0.0,55.38461538,,55.38461538
11/11/2022 00:42:48,CC-3,Bhagaban-Fulia,Comfortable-cotton,Bottle-green,6.5,360.0,55.38461538,,55.38461538
11/11/2022 00:43:14,CC-4,Bhagaban-Fulia,Comfortable-cotton,Violet,1.0,55.38461538,55.38461538,,55.38461538
11/12/2022 18:50:14,MC-1,Handloom-cottage,Malai-cotton,Green,0.0,0.0,140.0,,140
11/12/2022 18:56:06,MC-2,Handloom-cottage,Malai-cotton,Lilac,0.0,0.0,140.0,,140
11/12/2022 19:00:23,M-1,Handloom-cottage,Malmal,white,0.0,0.0,50.0,,50
11/12/2022 19:01:41,CS-1,Handloom-cottage,Cotton-silk,Red,0.0,0.0,95.0,,95
11/12/2022 19:03:05,FR-1,Handloom-cottage,Flat-ribela,Bottle-green,5.5,742.5,135.0,,135
11/12/2022 19:05:17,FS-1,Handloom-cottage,Fiona-Silk,Deep-red,0.0,0.0,155.0,,155
11/12/2022 19:07:48,MS-1,Handloom-cottage,Mahi-silk,Mustard-yellow,1.3,162.5,125.0,,125
11/12/2022 19:09:41,R-1,Handloom-cottage,Ribela,Dark-green,0.0,0.0,155.0,,155
11/12/2022 19:12:50,R-2,Handloom-cottage,Ribela,Brick-red,0.0,0.0,155.0,,155
11/12/2022 19:14:43,CS-2,Handloom-cottage,Cotton-silk,Beige,0.0,0.0,95.0,,95
11/12/2022 19:34:25,LM-1,Handloom-cottage,Linen-mathi,Red,5.5,852.5,155.0,,155
11/12/2022 19:40:04,KS-1,Handloom-cottage,Kota-silk,Pink,0.0,0.0,85.0,,85
11/12/2022 19:40:43,KS-2,Handloom-cottage,Kota-silk,Orange,0.0,0.0,85.0,,85
11/15/2022 23:57:16,SC-1,Handloom-cottage,South-cotton,Pesta-beige,0.0,0.0,94.83032874,3.138918346,97.96924708
11/15/2022 23:58:44,SC-2,Handloom-cottage,South-cotton,Blue,1.55,116.25,75.0,3.303571429,78.30357143
11/19/2022 17:36:00,KoC-1,Handloom-cottage,Kota-cotton,white,0.0,0.0,95.0,,95
11/19/2022 17:39:26,AM-1,Handloom-cottage,Apple-maslin,white,0.0,0.0,105.0,,105
11/30/2022 13:24:46,CSC-1,Handloom-cottage,Cotton-silk-chanderi,beige,0.0,0.0,98.0,,98
11/30/2022 13:26:20,CSC-2,Handloom-cottage,Cotton-silk-chanderi,dark-green,0.0,0.0,115.0,,115
11/30/2022 13:27:33,CSC-3,Handloom-cottage,Cotton-silk-chanderi,light-green,0.0,0.0,115.0,,115
11/30/2022 14:11:59,CaC-1,Handloom-cottage,Cambridge-cotton,white,0.0,0.0,88.0,20.0,88
11/30/2022 14:23:07,FR-2,Handloom-cottage,Flat-ribela,dark-firozi,0.0,0.0,135.0,,135
11/30/2022 14:24:27,MC-3,Handloom-cottage,Malai-cotton,lime-green,0.0,0.0,140.0,,140
11/30/2022 14:24:57,MC-4,Handloom-cottage,Malai-cotton,Maroon,0.0,0.0,140.0,,140
11/30/2022 14:27:03,AS-1,Handloom-cottage,Alia-satin,multicolor-cow-print,1.0,130.0,130.0,,130
11/30/2022 14:29:11,TS-1,Handloom-cottage,Tissue-satin,multicolor-box-print,2.25,337.5,150.0,,150
11/30/2022 14:34:25,PG-1,Handloom-cottage,Pleated-Georgette,Beige,0.0,0.0,255.0,,255
11/30/2022 14:56:58,GS-1,Rama-train,Gorod-saree,off-white,0.0,0.0,0.0,,0
12/01/2022 00:55:50,CA-1,Handloom-cottage,Cotton-ajrak,Floral-print,0.0,0.0,165.0,72.4,#DIV/0!
12/02/2022 07:37:05,ArS-1,Handloom-cottage,Art-silk,dark-firoji,1.5,90.0,60.0,,60
12/02/2022 07:37:38,ArS-2,Handloom-cottage,Art-silk,royal-blue,1.5,90.0,60.0,,60
12/02/2022 07:38:06,ArS-3,Handloom-cottage,Art-silk,dark-violet,1.5,90.0,60.0,,60
12/02/2022 07:38:30,ArS-4,Handloom-cottage,Art-silk,grey,1.5,90.0,60.0,,60
12/02/2022 07:39:01,ArS-5,Handloom-cottage,Art-silk,wine-color,0.0,0.0,60.0,,60
12/02/2022 07:40:54,ArS-6,Handloom-cottage,Art-silk,dark-brown,1.5,90.0,60.0,,60
12/04/2022 19:02:28,CS-4,Sasta-Khadi-Bhandar,Cotton-silk,off-white,0.0,0.0,184.6153846,,184.6153846
12/05/2022 22:16:38,R-3,Handloom-cottage,Ribela,Beige,1.0,153.8461538,153.8461538,,153.8461538
12/08/2022 20:08:41,T-1,Bandita-madam,Tasaar,off-white,0.0,0.0,0.0,,0
12/08/2022 21:59:18,C-1,Burabazar,Cotton,white,0.0,0.0,120.0,,120
12/08/2022 22:28:37,M-2,Handloom-cottage,Malmal,white,0.0,0.0,54.34782609,,54.34782609
12/08/2022 22:33:12,PC-1,Burabazar,Pure-cotton,white,1.0,106.1538462,106.1538462,25.0,131.1538462
12/08/2022 22:48:15,CC-5,Bhagaban-Fulia,Comfortable-cotton,white,0.0,0.0,65.45454545,,65.45454545
12/17/2022 19:46:23,CaC-2,Handloom-cottage,Cambridge-cotton,white,5.7,501.6,88.0,2.008888889,90.00888889
12/17/2022 19:48:39,MS-2,Handloom-cottage,Mahi-silk,sky-blue,2.5,250.0,100.0,11.54533844,111.5453384
12/17/2022 19:49:15,MS-3,Handloom-cottage,Mahi-silk,green,2.25,225.0,100.0,9.566137566,109.5661376
12/17/2022 20:04:41,FC-1,Handloom-cottage,Flex-cotton,off-white,0.0,0.0,90.0,20.08888889,110.0888889
12/17/2022 20:06:02,JC-1,Handloom-cottage,Jute-cotton,beige,10.0,650.0,65.0,5.022222222,70.02222222
12/17/2022 20:24:58,PS-1,Seerampur-3,Pure-silk,white,0.0,0.0,409.4488189,7.909011374,417.3578303
12/23/2022 10:06:47,PC-2,Burabazar,Pure-cotton,white,0.0,0.0,76.92307692,,76.92307692
12/30/2022 20:45:50,MC-5,Handloom-cottage,Malai-cotton,white,2.35,270.25,115.0,3.641813413,118.6418134
12/30/2022 20:56:49,CSC-4,Handloom-cottage,Cotton-silk-chanderi,grey,0.0,0.0,95.0,5.197860963,100.197861
12/30/2022 20:57:40,CSC-5,Handloom-cottage,Cotton-silk-chanderi,pink,0.0,0.0,95.0,5.197860963,100.197861
12/30/2022 21:01:15,CSC-6,Handloom-cottage,Cotton-silk-chanderi,light-pink,0.0,0.0,70.09090909,5.197860963,75.28877005
12/30/2022 21:01:27,CSC-7,Handloom-cottage,Cotton-silk-chanderi,light-pink,0.0,0.0,70.09090909,5.197860963,75.28877005
12/30/2022 21:04:33,MC-6,Handloom-cottage,Malai-cotton,royal-blue,0.0,0.0,140.0,7.623529412,147.6235294
12/30/2022 21:05:07,MC-7,Handloom-cottage,Malai-cotton,beige,0.0,0.0,140.0,10.39572193,150.3957219
12/30/2022 21:08:03,MC-8,Handloom-cottage,Malai-cotton,violet,2.75,385.0,140.0,10.39572193,150.3957219
12/30/2022 21:09:52,MC-9,Handloom-cottage,Malai-cotton,grey,2.4,276.0,115.0,5.551113649,120.5511136
12/30/2022 21:12:01,MC-10,Handloom-cottage,Malai-cotton,red,1.0,140.0,140.0,28.58823529,168.5882353
12/30/2022 21:12:23,MC-11,Handloom-cottage,Malai-cotton,black,0.0,0.0,140.0,28.58823529,168.5882353
12/30/2022 21:14:50,CS-5,Handloom-cottage,Cotton-silk,red,0.0,0.0,95.0,5.197860963,100.197861
12/30/2022 21:17:15,HT-1,Handloom-cottage,Half-tussar,brown,3.25,861.25,265.0,8.79638009,273.7963801
12/30/2022 21:19:35,HT-2,Handloom-cottage,Half-tussar,beige,0.12,31.8,265.0,12.42966752,277.4296675
12/30/2022 21:24:29,R-4,Handloom-cottage,Ribela,beige,0.0,0.0,155.0,10.39572193,165.3957219
12/30/2022 21:24:38,R-5,Handloom-cottage,Ribela,beige,1.75,271.25,155.0,10.39572193,165.3957219
12/30/2022 21:26:58,R-6,Handloom-cottage,Ribela,dark-blue,0.0,0.0,155.0,10.39572193,165.3957219
01/01/2023 00:42:32,PrC-1,Gurjari,Printed-cotton,christmas-tree-print,2.0,250.0,125.0,,125
01/20/2023 23:46:19,CC-6,Bhagaban-Fulia,Comfortable-cotton,grey,0.0,0.0,65.45454545,15.15151515,80.60606061
01/20/2023 23:58:05,FPC-1,Goriyahat,Fish-printed-cotton,black,0.0,0.0,300.0,83.33333333,383.3333333
01/31/2023 21:00:11,SC-3,Handloom-cottage,South-cotton,Orange-red,0.1,9.8,98.0,357.1428571,455.1428571
01/31/2023 21:00:10,SC-4,Handloom-cottage,South-cotton,Blue,0.0,0.0,98.0,9.523809524,107.5238095
01/31/2023 21:00:09,SC-5,Handloom-cottage,South-cotton,Orange,0.0,0.0,98.0,11.9047619,109.9047619
01/31/2023 21:00:08,SC-6,Handloom-cottage,South-cotton,Green,0.0,0.0,98.0,9.523809524,107.5238095
01/31/2023 21:00:07,SC-7,Handloom-cottage,South-cotton,Light-green,0.0,0.0,98.0,12.98701299,110.987013
01/31/2023 21:00:06,SC-8,Handloom-cottage,South-cotton,Deep-yellow,0.0,0.0,98.0,12.53132832,110.5313283
01/31/2023 21:00:05,SC-9,Handloom-cottage,South-cotton,Blue,0.0,0.0,98.0,12.53132832,110.5313283
01/31/2023 21:00:04,SC-10,Handloom-cottage,South-cotton,Light-green,0.0,0.0,98.0,9.523809524,107.5238095
01/31/2023 21:00:03,MoS-1,Handloom-cottage,Moch-silk,Black-polka-dot,0.0,0.0,155.0,6.493506494,161.4935065
01/31/2023 21:00:02,MoS-2,Handloom-cottage,Moch-silk,Red-polka-dot,0.0,0.0,155.0,6.493506494,161.4935065
01/31/2023 21:00:01,AS-2,Handloom-cottage,Alia-satin,Printed-black-white,0.0,0.0,123.5,23.80952381,147.3095238
01/31/2023 21:00:00,MoS-3,Handloom-cottage,Moch-silk,dark-green,0.0,0.0,147.25,35.71428571,182.9642857
01/31/2023 21:00:01,MoS-4,Handloom-cottage,Moch-silk,red,0.0,0.0,147.25,35.71428571,182.9642857
01/31/2023 21:00:02,SC-11,Handloom-cottage,South-cotton,orange,0.0,0.0,133.0,6.493506494,139.4935065
01/31/2023 21:00:03,SC-12,Handloom-cottage,South-cotton,light-green,5.5,731.5,133.0,6.493506494,139.4935065
01/31/2023 21:00:04,SC-13,Handloom-cottage,South-cotton,green,5.5,731.5,133.0,6.493506494,139.4935065
01/31/2023 21:00:05,SC-14,Handloom-cottage,South-cotton,grey,0.0,0.0,133.0,6.493506494,139.4935065
01/31/2023 21:00:06,TiS-1,Handloom-cottage,Tisu-satin,yellow-floral-print,11.4,1895.25,166.25,3.13283208,169.3828321
01/31/2023 21:00:06,FS-2,Handloom-cottage,Fiona-silk,sap-green,1.0,147.25,147.25,35.71428571,182.9642857
01/31/2023 21:00:06,FS-3,Handloom-cottage,Fiona-silk,sap-green,1.0,147.25,147.25,35.71428571,182.9642857
01/31/2023 21:00:06,AM-2,Handloom-cottage,Apple-maslin,white,0.0,0.0,99.74909091,6.493506494,106.2425974
01/31/2023 21:00:06,ArS-7,Handloom-cottage,Art-silk,firoji,0.0,0.0,60.0,35.71428571,95.71428571
01/31/2023 21:00:06,G-1,Handloom-cottage,Georgette,Ornamental-blue,0.0,0.0,128.25,35.71428571,163.9642857
01/31/2023 21:04:01,G-2,Handloom-cottage,Georgette,Ornamental-grey,1.0,128.248,128.248,14.28571429,142.5337143
01/31/2023 21:05:30,G-3,Handloom-cottage,Georgette,Ornamental-skyblue,2.0,351.504,175.752,14.28571429,190.0377143
01/31/2023 21:07:16,ArS-8,Handloom-cottage,Art-silk,sap-green,0.0,0.0,50.0,6.157635468,56.15763547
01/31/2023 21:09:28,ArS-9,Handloom-cottage,Art-silk,sea-green,0.0,0.0,60.0,6.493506494,66.49350649
01/31/2023 21:13:00,ArS-10,Handloom-cottage,Art-silk,orange,0.0,0.0,60.0,6.493506494,66.49350649
02/10/2023 20:17:22,FC-2,Handloom-cottage,Flex-cotton,off-white,0.0,0.0,90.0,17.33333333,107.3333333
02/10/2023 20:19:06,KC-3,Handloom-cottage,Khadi-cotton,lime-green,2.0,237.504,118.752,17.33333333,136.0853333
02/10/2023 20:24:18,ArS-11,Handloom-cottage,Art-silk,royal-blue,0.5,30.0,60.0,43.33333333,103.3333333
02/20/2023 12:21:04,AS-3,Handloom-cottage,Alia-satin,red-horse-print,0.0,0.0,130.0,13.33333333,143.3333333
02/20/2023 12:22:07,AS-4,Handloom-cottage,Alia-satin,firoji-horse-print,0.0,0.0,130.0,13.33333333,143.3333333
02/20/2023 12:32:41,AS-5,Handloom-cottage,Alia-satin,camel-print,0.0,0.0,130.0,13.33333333,143.3333333
02/20/2023 12:33:19,AS-6,Handloom-cottage,Alia-satin,deer-print,1.25,162.5,130.0,13.33333333,143.3333333
02/20/2023 12:38:41,PrC-2,Handloom-cottage,printed-cotton,firoji-blue-floral-print,0.0,0.0,155.0,10.1010101,165.1010101
02/20/2023 12:43:17,CG-1,Handloom-cottage,Cotton-Gotapatti,stitched-wave-print,1.5,292.5,195.0,11.11111111,206.1111111
02/20/2023 12:45:28,AF-1,Handloom-cottage,Alia-foil,floral-pixel-print,0.0,0.0,147.248,13.33333333,160.5813333
02/20/2023 12:49:55,PrC-3,Handloom-cottage,printed-cotton,firoji-floral-print,0.0,0.0,155.0,22.98850575,177.9885057
02/20/2023 12:55:32,PrC-4,Handloom-cottage,printed-cotton,potochitra,0.0,0.0,86.0,27.77777778,113.7777778
02/20/2023 13:43:49,StC-1,Handloom-cottage,stitched-cotton,katha-stitch,0.7,108.5,155.0,15.15151515,170.1515152
02/20/2023 13:45:58,PrC-5,Handloom-cottage,printed-cotton,indigo-butterfly,3.0,427.5,142.5,11.11111111,153.6111111
02/20/2023 13:48:17,AS-7,Handloom-cottage,Alia-satin,floral-stripes-printed-on-greige,0.0,0.0,123.5,8.333333333,131.8333333
02/20/2023 13:50:22,AS-8,Handloom-cottage,Alia-satin,yellow-flowers-on-olive-green,0.0,0.0,123.5,7.407407407,130.9074074
02/20/2023 13:51:28,AS-9,Handloom-cottage,Alia-satin,blue-flowers-on-red,3.0,370.5,123.5,5.555555556,129.0555556
02/20/2023 13:53:27,AS-10,Handloom-cottage,Alia-satin,printed-windows-on-black,0.65,80.275,123.5,9.523809524,133.0238095
02/20/2023 13:54:48,AS-11,Handloom-cottage,Alia-satin,red-contour-print,0.0,0.0,123.5,13.33333333,136.8333333
02/20/2023 13:55:27,AS-12,Handloom-cottage,Alia-satin,mustard-contour-print,0.0,0.0,123.5,13.33333333,136.8333333
02/20/2023 13:57:08,PrC-6,Handloom-cottage,printed-cotton,animal-potochitra,0.0,0.0,118.75,8.333333333,127.0833333
02/20/2023 13:59:42,CA-2,Handloom-cottage,Cotton-ajrak,red-yellow-black,0.0,0.0,140.0,12.82051282,152.8205128
02/20/2023 14:02:11,MoS-5,Handloom-cottage,Moch-silk,leafy-green,1.0,147.248,147.248,13.33333333,160.5813333
02/20/2023 14:02:59,MoS-6,Handloom-cottage,Moch-silk,leafy-red,0.0,0.0,147.248,13.33333333,160.5813333
02/20/2023 14:08:20,PG-2,Handloom-cottage,Pleated-Georgette,black-white,3.0,885.0,295.0,11.11111111,306.1111111
02/20/2023 14:09:07,PG-3,Handloom-cottage,Pleated-Georgette,yellow-white,2.0,665.0,332.5,16.66666667,349.1666667
02/20/2023 14:11:09,PG-4,Handloom-cottage,Pleated-Georgette,cream-red-blue,2.5,843.12,337.248,13.33333333,350.5813333
02/20/2023 14:22:28,SC-15,Handloom-cottage,South-cotton,sky-blue,0.5,42.5,85.0,13.33333333,98.33333333
02/20/2023 14:23:21,SC-16,Handloom-cottage,South-cotton,peach,2.5,212.5,85.0,13.33333333,98.33333333
02/20/2023 14:23:31,SC-17,Handloom-cottage,South-cotton,pink,0.0,0.0,85.0,13.33333333,98.33333333
02/20/2023 14:23:50,SC-18,Handloom-cottage,South-cotton,sap-green,2.5,212.5,85.0,13.33333333,98.33333333
02/20/2023 18:41:06,PrC-7,Handloom-cottage,printed-cotton,kalamkari-flowers-in-yellow,0.0,0.0,133.0,8.333333333,141.3333333
02/20/2023 18:42:36,PG-5,Handloom-cottage,Pleated-Georgette,pink,3.0,712.5,237.5,11.11111111,248.6111111
02/22/2023 12:37:32,PrC-8,Gurjari,printed-cotton,white-palms-printed-on-light-brown,0.0,0.0,100.0,,100
04/10/2023 17:06:21,ArS-12,Handloom-cottage,Art-silk,firoji,0.0,0.0,60.0,50.0,110
04/10/2023 17:08:47,CS-6,Handloom-cottage,Cotton-silk,beige,5.5,522.5,95.0,9.090909091,104.0909091
04/10/2023 22:35:53,CSC-8,Handloom-cottage,Cotton-silk-chanderi,brown,3.75,262.5,70.0,13.33333333,83.33333333
04/10/2023 22:37:01,CSC-9,Handloom-cottage,Cotton-silk-chanderi,red,0.0,0.0,70.0,20.0,90
04/10/2023 22:37:37,CSC-10,Handloom-cottage,Cotton-silk-chanderi,pink,0.0,0.0,70.0,12.5,82.5
04/10/2023 22:38:00,CSC-11,Handloom-cottage,Cotton-silk-chanderi,beige,2.75,192.5,70.0,18.18181818,88.18181818
04/10/2023 22:39:14,SS-1,Handloom-cottage,Silky-silk,lime-green,0.0,0.0,95.0,9.090909091,104.0909091
04/10/2023 22:44:10,AM-3,Handloom-cottage,Apple-maslin,white,16.5,1645.875,99.75,2.272727273,102.0227273
04/16/2023 00:23:08,SoC-1,Handloom-cottage,Soft-cotton,white,5.5,440.0,80.0,2.02020202,82.02020202
04/16/2023 00:26:46,LC-1,Handloom-cottage,Linen-cotton,bottle-green,5.5,574.75,104.5,2.02020202,106.520202
04/16/2023 00:33:32,RC-1,Handloom-cottage,RE-Cotton,white,5.0,490.0,98.0,2.222222222,100.2222222
04/16/2023 00:35:22,MC-12,Handloom-cottage,Malai-cotton,violet,0.0,0.0,133.0,5.555555556,138.5555556
04/16/2023 00:36:57,MC-13,Handloom-cottage,Malai-cotton,royal-blue,2.25,258.75,115.0,4.938271605,119.9382716
04/16/2023 00:39:08,RC-2,Handloom-cottage,RE-Cotton,mustard-yellow,1.3,127.4,98.0,4.444444444,102.4444444
04/16/2023 00:42:58,PrC-9,Handloom-cottage,Printed-cotton,grey,0.0,0.0,142.5,11.11111111,153.6111111
04/16/2023 00:43:15,PrC-10,Handloom-cottage,Printed-cotton,grey,0.5,71.25,142.5,11.11111111,153.6111111
04/16/2023 00:49:03,PrC-11,Handloom-cottage,Printed-cotton,brick-red-floral,0.0,0.0,185.25,4.444444444,189.6944444
04/16/2023 00:49:58,PrC-12,Handloom-cottage,Printed-cotton,brick-red-floral,1.0,185.25,185.25,4.444444444,189.6944444
04/16/2023 00:50:28,PrC-13,Handloom-cottage,Printed-cotton,brick-red-circle,0.0,0.0,185.25,4.444444444,189.6944444
04/16/2023 00:50:43,PrC-14,Handloom-cottage,Printed-cotton,black-floral,0.0,0.0,185.25,4.444444444,189.6944444
04/16/2023 00:51:41,PrC-15,Handloom-cottage,Printed-cotton,black-zigzag,0.0,0.0,155.0,4.273504274,159.2735043
04/16/2023 00:52:32,PrC-16,Handloom-cottage,Printed-cotton,brick-red-stripe,0.0,0.0,185.25,5.555555556,190.8055556
04/16/2023 00:55:10,PrC-17,Handloom-cottage,Printed-cotton,black-white-abstract,0.0,0.0,155.0,4.444444444,159.4444444
04/16/2023 00:57:44,PrC-18,Handloom-cottage,Printed-cotton,red-white-stripe,0.3,37.5,125.0,3.968253968,128.968254
04/16/2023 00:59:19,PrC-19,Handloom-cottage,Printed-cotton,Indigo,0.0,0.0,125.0,3.703703704,128.7037037
04/16/2023 01:01:06,AS-13,Handloom-cottage,Alia-satin,vertical-stripe-zigzag,1.5,185.25,123.5,7.407407407,130.9074074
04/16/2023 01:04:26,PrC-20,Handloom-cottage,Printed-cotton,sky-floral,0.0,0.0,65.2496,4.444444444,69.69404444
04/16/2023 01:04:53,PrC-21,Handloom-cottage,Printed-cotton,sky-floral,0.0,0.0,65.2496,4.444444444,69.69404444
04/16/2023 01:04:58,PrC-22,Handloom-cottage,Printed-cotton,sky-floral,0.0,0.0,65.2496,4.444444444,69.69404444
04/16/2023 01:05:25,PrC-23,Handloom-cottage,Printed-cotton,yellow-floral,2.5,163.124,65.2496,4.444444444,69.69404444
04/16/2023 01:05:32,PrC-24,Handloom-cottage,Printed-cotton,yellow-floral,2.5,163.124,65.2496,4.444444444,69.69404444
04/16/2023 01:05:36,PrC-25,Handloom-cottage,Printed-cotton,yellow-floral,2.5,163.124,65.2496,4.444444444,69.69404444
04/16/2023 01:05:56,PrC-26,Handloom-cottage,Printed-cotton,pink-floral,0.0,0.0,65.2496,4.444444444,69.69404444
04/16/2023 01:06:08,PrC-27,Handloom-cottage,Printed-cotton,pink-floral,0.0,0.0,65.2496,4.444444444,69.69404444
04/16/2023 01:06:11,PrC-28,Handloom-cottage,Printed-cotton,pink-floral,0.0,0.0,65.2496,4.444444444,69.69404444
04/16/2023 01:09:55,PrC-29,Handloom-cottage,Printed-cotton,madhubani-blue,3.0,669.0,223.0,3.703703704,226.7037037
04/16/2023 01:10:28,PrC-30,Handloom-cottage,Printed-cotton,madhubani-orange,3.0,669.0,223.0,3.703703704,226.7037037
04/16/2023 01:11:47,PrC-31,Handloom-cottage,Printed-cotton,red-white-floral,0.0,0.0,142.5,5.555555556,148.0555556
04/16/2023 01:20:09,MC-14,Handloom-cottage,Malai-cotton,beige,1.0,133.0,133.0,11.11111111,144.1111111
04/16/2023 01:21:11,ArS-13,Handloom-cottage,Art-silk,black,2.0,120.0,60.0,5.555555556,65.55555556
04/16/2023 01:22:00,ArS-14,Handloom-cottage,Art-silk,red,1.5,90.0,60.0,7.407407407,67.40740741
04/16/2023 01:22:37,ArS-15,Handloom-cottage,Art-silk,greenish-orange,0.5,30.0,60.0,7.407407407,67.40740741
04/16/2023 01:24:42,KC-4,Handloom-cottage,Khadi-cotton,beige,0.0,0.0,118.75,1.388888889,120.1388889
04/16/2023 01:25:51,AM-4,Handloom-cottage,Apple-maslin,white,5.5,548.62,99.74909091,2.02020202,101.7692929
04/16/2023 01:27:18,C-2,Handloom-cottage,Cotton,deep-green,1.0,85.0,85.0,11.11111111,96.11111111
04/16/2023 01:28:31,KS-3,Handloom-cottage,Kota-silk,red,0.0,0.0,60.0,1.749781277,61.74978128
04/16/2023 01:29:59,PrC-32,Handloom-cottage,Printed-cotton,brick-red-abstract,0.0,0.0,185.25,5.555555556,190.8055556
04/16/2023 01:31:29,C-3,Handloom-cottage,Cotton,Fuchsia-plum,2.0,170.0,85.0,5.555555556,90.55555556
04/16/2023 01:32:47,SC-19,Handloom-cottage,South-cotton,Orange,5.5,731.5,133.0,2.02020202,135.020202
04/16/2023 01:39:03,B-1,Handloom-cottage,Border,silver,0.0,0.0,20.0,1.169590643,21.16959064
04/16/2023 01:39:25,B-2,Handloom-cottage,Border,golden,0.0,0.0,20.0,1.169590643,21.16959064
04/16/2023 01:40:13,Ti-1,Handloom-cottage,Tissue,Pesta,0.0,0.0,165.0,8.547008547,173.5470085
04/16/2023 01:41:19,Ti-2,Handloom-cottage,Tissue,Coffee,0.0,0.0,185.25,11.11111111,196.3611111
04/22/2023 20:19:48,MoC-1,Handloom-cottage,Mongolgiri-cotton,Beige,20.0,2200.0,110.0,2.22104,112.22104
04/22/2023 20:20:58,MoC-2,Handloom-cottage,Mongolgiri-cotton,light-orange,1.25,160.3125,128.25,4.44208,132.69208
04/22/2023 20:22:50,MoC-3,Handloom-cottage,Mongolgiri-cotton,deep-yellow,0.4,51.30026668,128.2506667,22.2104,150.4610667
04/22/2023 20:23:52,MoC-4,Handloom-cottage,Mongolgiri-cotton,deep-pink,4.5,577.125,128.25,9.871288889,138.1212889
04/22/2023 20:25:12,CSC-12,Handloom-cottage,Cotton-silk-chanderi,red,0.0,0.0,70.0,8.076509091,78.07650909
04/22/2023 20:27:44,H-1,Handloom-cottage,Hakoba,white,3.0,555.75,185.25,14.80693333,200.0569333
04/22/2023 20:29:17,KC-5,Handloom-cottage,Khadi-cotton,chocolate,0.0,0.0,118.7490909,8.076509091,126.8256
04/22/2023 20:41:33,O-1,Handloom-cottage,Organza,yellow-floral-print,0.5,66.5,133.0,14.80693333,147.8069333
04/22/2023 20:43:28,O-2,Handloom-cottage,Organza,pink-floral-print,0.0,0.0,133.0,6.941963636,139.9419636
04/22/2023 20:44:37,O-3,Handloom-cottage,Organza,orange-floral-print,0.0,0.0,133.0,6.941963636,139.9419636
04/22/2023 20:46:32,ArS-16,Handloom-cottage,Art-silk,beige,1.0,80.0,80.0,44.4208,124.4208
04/22/2023 20:52:10,CaC-3,Handloom-cottage,Cambridge-cotton,grey,2.0,176.0,88.0,14.80693333,102.8069333
04/22/2023 20:53:35,ArS-17,Handloom-cottage,Art-silk,wine-color,0.0,0.0,60.0,44.4208,104.4208
04/22/2023 20:54:43,SS-2,Handloom-cottage,Silky-silk,pink,0.0,0.0,147.2509091,8.076509091,155.3274182
04/22/2023 20:57:12,CaC-4,Handloom-cottage,Cambridge-cotton,pink,4.0,392.0,98.0,7.403466667,105.4034667
04/22/2023 21:01:45,CS-7,Handloom-cottage,Cotton-silk,mauve,5.5,522.5,95.0,8.076509091,103.0765091
04/22/2023 21:07:09,Ti-3,Handloom-cottage,Tissue,grey,0.0,0.0,185.25,8.076509091,193.3265091
04/22/2023 21:08:36,Ti-4,Handloom-cottage,Tissue,maroon,0.0,0.0,185.25,8.076509091,193.3265091
04/22/2023 21:10:30,KC-6,Handloom-cottage,Khadi-cotton,light-green,0.0,0.0,118.75,5.5526,124.3026
04/22/2023 21:12:30,H-2,Handloom-cottage,Hakoba,white,2.0,408.5,204.25,22.2104,226.4604
04/22/2023 21:14:37,H-3,Handloom-cottage,Hakoba,white,2.0,351.5,175.75,22.2104,197.9604
04/22/2023 21:16:08,KC-7,Handloom-cottage,Khadi-cotton,beige,0.0,0.0,118.75,11.1052,129.8552
04/22/2023 21:18:03,H-4,Handloom-cottage,Hakoba,white,0.5,87.875,175.75,7.403466667,183.1534667
04/22/2023 21:19:35,CaC-5,Handloom-cottage,Cambridge-cotton,mauve,1.5,147.0,98.0,4.44208,102.44208
04/22/2023 21:19:59,CaC-6,Handloom-cottage,Cambridge-cotton,yellow,3.5,343.0,98.0,4.44208,102.44208
04/25/2023 18:30:43,BT-1,Bhagaban,Bangladeshi-tant,white,0.0,0.0,81.81818182,4.272727273,86.09090909
04/25/2023 18:47:22,JM-1,Sujoy,Jori-malmal,white,0.0,0.0,57.27272727,,57.27272727
05/04/2023 16:53:52,C-4,Bura-bazar,Cotton,white,0.0,0.0,87.27272727,,87.27272727
05/05/2023 20:31:35,H-5,Bura-bazar,Hakoba,white,0.0,0.0,145.4545455,7.467542088,152.9220875
05/05/2023 20:34:50,KK-1,Bura-bazar,Kolom-kari,Black-grey-blue,0.5,65.0,130.0,20.53574074,150.5357407
05/05/2023 20:37:19,KK-2,Bura-bazar,Kolom-kari,Maroon-blue-green,0.0,0.0,130.0,13.69049383,143.6904938
05/05/2023 20:41:03,MoC-5,Handloom-cottage,Mongolgiri-cotton,sky-blue,0.0,0.0,85.0,7.467542088,92.46754209
05/05/2023 20:43:01,MoC-6,Handloom-cottage,Mongolgiri-cotton,beige,7.7,987.5204709,128.2494118,4.831938998,133.0813508
05/05/2023 20:45:22,PrC-33,Handloom-cottage,Printed-cotton,white-floral,3.0,465.0,155.0,3.987522474,158.9875225
05/05/2023 20:47:01,H-6,Handloom-cottage,Hakoba,white,5.5,705.38,128.2509091,7.467542088,135.7184512
05/05/2023 20:49:06,PrC-34,Handloom-cottage,Printed-cotton,brown-abstract,0.0,0.0,155.0,7.020766065,162.0207661
05/05/2023 20:52:04,MoC-7,Handloom-cottage,Mongolgiri-cotton,green,0.0,0.0,128.25,3.733771044,131.983771
05/05/2023 20:53:31,MoC-8,Handloom-cottage,Mongolgiri-cotton,off-white,11.0,1410.75,128.25,3.733771044,131.983771
05/05/2023 20:55:44,PrC-35,Handloom-cottage,Printed-cotton,brown-vertical,0.0,0.0,185.285,20.53574074,205.8207407
05/05/2023 20:57:54,R-7,Handloom-cottage,Ribela,beige,0.0,0.0,147.2492308,6.318689459,153.5679202
05/05/2023 20:59:11,CSC-13,Handloom-cottage,Cotton-silk-chanderi,pinkish-pesta,5.85,339.3,58.0,7.020766065,65.02076607
05/05/2023 21:01:16,ArS-18,Handloom-cottage,Art-silk,firoji,1.0,60.0,60.0,8.214296296,68.2142963
05/05/2023 21:05:25,SC-20,Handloom-cottage,South-cotton,light-orange,11.3,1356.0,120.0,3.634644379,123.6346444
05/05/2023 21:07:27,SC-21,Handloom-cottage,South-cotton,deep-orange,12.35,1482.0,120.0,3.325626031,123.325626
05/05/2023 21:08:50,SC-22,Handloom-cottage,South-cotton,maroon,1.75,210.0,120.0,3.394337313,123.3943373
05/05/2023 21:10:49,R-8,Handloom-cottage,Ribela,maroon,0.6,78.0,130.0,12.26014373,142.2601437
05/05/2023 21:14:24,R-9,Handloom-cottage,Ribela,light-pinkish-beige,3.75,552.187,147.2498667,10.95239506,158.2022617
05/05/2023 21:15:16,R-10,Handloom-cottage,Ribela,light-pink,1.0,147.2498667,147.2498667,10.95239506,158.2022617
05/05/2023 21:15:57,R-11,Handloom-cottage,Ribela,pesta,1.0,147.2498667,147.2498667,10.95239506,158.2022617
05/05/2023 21:20:22,R-12,Handloom-cottage,Ribela,charcoal,2.75,404.94,147.2509091,14.93508418,162.1859933
05/05/2023 21:20:49,R-13,Handloom-cottage,Ribela,bottle-green,0.0,0.0,147.2509091,14.93508418,162.1859933
05/05/2023 21:23:52,CS-8,Handloom-cottage,Cotton-silk,mint-green,5.5,522.5,95.0,7.467542088,102.4675421
05/05/2023 21:25:17,CS-9,Handloom-cottage,Cotton-silk,dark-wine,3.45,269.1,78.0,7.467542088,85.46754209
05/05/2023 21:26:50,CS-10,Handloom-cottage,Cotton-silk,beige,1.2,93.6,78.0,2.70207115,80.70207115
05/05/2023 21:29:05,CA-3,Handloom-cottage,Cotton-ajrak,dark-blue,0.0,0.0,156.75,20.53574074,177.2857407
05/06/2023 23:21:23,MoC-9,Handloom-cottage,Mongolgiri-cotton,deep-pink,0.0,0.0,125.0,18.92708333,143.9270833
05/06/2023 23:26:59,CS-11,Handloom-cottage,Cotton-silk,maroon,4.0,380.0,95.0,9.463541667,104.4635417
05/06/2023 23:28:47,R-14,Handloom-cottage,Ribela,bottle-green,0.5,73.625,147.25,75.70833333,222.9583333
05/06/2023 23:29:25,R-15,Handloom-cottage,Ribela,grey,0.5,73.625,147.25,75.70833333,222.9583333
05/06/2023 23:31:01,ArS-19,Handloom-cottage,Art-silk,wine-color,0.5,30.0,60.0,75.70833333,135.7083333
05/06/2023 23:31:58,ArS-20,Handloom-cottage,Art-silk,red,0.0,0.0,60.0,37.85416667,97.85416667
05/06/2023 23:33:56,PrC-36,Handloom-cottage,Printed-cotton,Mustard-yellow,0.0,0.0,142.5,15.14166667,157.6416667
05/06/2023 23:34:37,PrC-37,Handloom-cottage,Printed-cotton,green,0.0,0.0,142.5,15.14166667,157.6416667
05/06/2023 23:35:21,PrC-38,Handloom-cottage,Printed-cotton,deep-pink,0.0,0.0,142.5,15.14166667,157.6416667
05/06/2023 23:37:02,PrC-39,Handloom-cottage,Printed-cotton,light-brown,0.0,0.0,125.0,17.60658915,142.6065891
05/06/2023 23:38:35,PrC-40,Handloom-cottage,Printed-cotton,beige,0.0,0.0,133.0,18.92708333,151.9270833
05/06/2023 23:41:08,AM-5,Handloom-cottage,Apple-maslin,white,0.0,0.0,88.0,,88
07/02/2023 16:53:27,PrC-41,Handloom-cottage,Printed-cotton,white-ajrakh-print-on-brown-background,0.35,46.55,133.0,12.38095238,145.3809524
07/02/2023 16:53:58,PrC-42,Handloom-cottage,Printed-cotton,ajrakh-print-on-white-background,0.0,0.0,110.0,31.74603175,141.7460317
07/02/2023 16:57:02,AS-14,Handloom-cottage,Alia-satin,pink-floral-print-on-red-background,0.5,55.0,110.0,22.10884354,132.1088435
07/02/2023 17:00:45,PrC-43,Handloom-cottage,Printed-cotton,beige-car-print-on-violet-background,2.5,391.88,156.752,24.76190476,181.5139048
07/02/2023 17:02:09,PrC-44,Handloom-cottage,Printed-cotton,beige-car-print-on-pink-background,2.5,391.88,156.752,24.76190476,181.5139048
07/02/2023 17:04:03,PrC-45,Handloom-cottage,Printed-cotton,white-triangle-print-on-pink-background,1.4,175.0,125.0,21.34646962,146.3464696
07/02/2023 17:08:29,PrC-46,Handloom-cottage,Printed-cotton,white-circular-linear-print-on-indigo,5.2,650.0,125.0,9.826152683,134.8261527
07/02/2023 17:11:22,PrC-47,Handloom-cottage,Printed-cotton,white-floral-print-on-indigo,0.0,0.0,125.0,14.9168101,139.9168101
07/02/2023 17:14:43,CS-12,Handloom-cottage,Cotton-silk,beige,0.5,47.5,95.0,123.8095238,218.8095238
07/02/2023 17:17:00,LC-2,Handloom-cottage,Linen-cotton,bottle-green,1.0,104.0,104.0,61.9047619,165.9047619
07/02/2023 17:18:56,MoC-10,Handloom-cottage,Mongolgiri-cotton,bottle-green,0.0,0.0,128.25,61.9047619,190.1547619
07/02/2023 17:25:41,Ba-1,Handloom-cottage,Baul,multicolored-patch-work,1.0,256.5,256.5,30.95238095,287.452381
07/02/2023 17:29:23,MSl-1,Handloom-cottage,Motka-slab,bottle-green,0.0,0.0,75.0,24.76190476,99.76190476
07/02/2023 17:30:08,MSl-2,Handloom-cottage,Motka-slab,brick-red,0.0,0.0,75.0,24.76190476,99.76190476
07/02/2023 17:35:08,MoC-11,Handloom-cottage,Mongolgiri-cotton,grey,8.5,1062.5,125.0,7.282913165,132.2829132
07/02/2023 17:41:05,PrC-48,Handloom-cottage,Printed-cotton,white-floral-print-on-yellow-background,0.6,99.0,165.0,103.1746032,268.1746032
07/02/2023 17:42:51,Ti-5,Handloom-cottage,Tissue,silver,0.0,0.0,185.25,61.9047619,247.1547619
07/02/2023 17:43:36,Ti-6,Handloom-cottage,Tissue,maroon,0.0,0.0,185.25,61.9047619,247.1547619
07/02/2023 17:44:26,MC-15,Handloom-cottage,Malai-cotton,light-green,2.0,266.0,133.0,30.95238095,163.952381
07/02/2023 17:46:53,CS-13,Handloom-cottage,Cotton-silk,black,5.5,522.5,95.0,11.25541126,106.2554113
07/02/2023 17:49:50,MoC-12,Handloom-cottage,Mongolgiri-cotton,bottle-green,0.0,0.0,110.0,11.25541126,121.2554113
24/07/2023 23:49:12,PrC-49,Handloom-cottage,Printed-cotton,firoji,0.0,0.0,178.0,,178
25/07/2023 15:18:50,PrC-50,Sabita-store,Printed-cotton,blue-fish-print,0.0,0.0,180.0,,180
25/07/2023 15:19:33,PrC-51,Sabita-store,Printed-cotton,green-fish-print,0.0,0.0,180.0,,180
25/07/2023 17:05:25,BT-2,Fulia,Bangladeshi-tant,yellow ,0.0,0.0,100.0,,100
25/07/2023 17:19:51,BT-3,Fulia,Bangladeshi-tant,white,0.0,0.0,118.1818182,,118.1818182
25/07/2023 20:12:14,PrC-52,Goriahaat,Printed-cotton,black,0.0,0.0,200.0,,200
27/07/2023 20:05:50,CaC-7,Handloom-cottage,Cambridge-cotton,aqua-blue,2.0,196.0,98.0,,98
27/07/2023 20:06:59,CaC-8,Handloom-cottage,Cambridge-cotton,charcoal,2.0,196.0,98.0,,98
27/07/2023 20:08:39,CaC-9,Handloom-cottage,Cambridge-cotton,bottle-green,0.55,53.9,98.0,,98
27/07/2023 20:09:24,CaC-10,Handloom-cottage,Cambridge-cotton,black,0.5,49.0,98.0,,98
27/07/2023 20:12:51,PrC-53,Handloom-cottage,Printed-cotton,small-blue-bird-sitting-on-branches-on-skyblue-fabric,0.5,111.625,223.25,,223.25
27/07/2023 20:15:50,PrC-54,Handloom-cottage,Printed-cotton,small-red-bird-sitting-on-branches-on-orange-fabric,1.0,175.75,175.75,,175.75
27/07/2023 20:18:39,PrC-55,Handloom-cottage,Printed-cotton,flowers-and-leaves-in-square-box-print-on-offwhite-fabric,0.0,0.0,133.0,,133
27/07/2023 20:20:11,PrC-56,Handloom-cottage,Printed-cotton,white-zikzak-print-on-blue-fabric,0.5,66.5,133.0,,133
27/07/2023 20:21:47,PrC-57,Handloom-cottage,Printed-cotton,folk-art-print-on-brown-base,1.6,176.0,110.0,,110
27/07/2023 20:23:40,KC-8,Handloom-cottage,khadi-cotton,beige,2.0,237.5,118.75,,118.75
27/07/2023 20:25:03,M-3,Handloom-cottage,malmal,sky-blue,5.5,457.2,83.12727273,,83.12727273
27/07/2023 20:29:12,CaC-11,Handloom-cottage,Cambridge-cotton,royal-blue,0.3,29.4,98.0,,98
29/07/2023 11:57:27,PrC-58,Sabita-store,Printed-cotton,white-elephant-print-on-musterd-yellow,0.0,0.0,180.0,0.0,180
29/07/2023 12:39:18,PrC-59,Handloom-cottage,Printed-cotton,red-black-dice-print,0.0,0.0,150.0,,150
10/08/2023 23:22:40,PrC-60,Handloom-cottage,Printed-cotton,black-small-leaf-ob-red,0.0,0.0,150.0,,150
12/08/2023 02:48:57,BT-4,Bhagaban,Bangladeshi-tant,white,0.0,0.0,81.81818182,,81.81818182
13/08/2023 08:53:52,CC-7,Bhagaban-Fulia,Comfortable-cotton,black,0.0,0.0,55.38461538,,55.38461538
16/11/2023 23:28:49,BT-5,Bhagaban-Fulia,Bangladeshi-tant,white,0.0,0.0,81.81818182,,81.81818182
17/12/2023 15:10:19,HS-1,Bhagaban-Fulia,Handloom-saree,black,5.5,300.0,54.54545455,,54.54545455
17/12/2023 15:10:46,HS-2,Bhagaban-Fulia,Handloom-saree,black-red,5.5,300.0,54.54545455,,54.54545455
17/12/2023 15:11:05,HS-3,Bhagaban-Fulia,Handloom-saree,white-red,5.5,300.0,54.54545455,,54.54545455
17/12/2023 15:11:41,HS-4,Bhagaban-Fulia,Handloom-saree,maroon-bottle-green,5.5,300.0,54.54545455,,54.54545455
17/12/2023 15:13:23,HWB-1,Bhagaban-Fulia,Handloom-weaved-border,white-golden-pink,5.5,530.0,96.36363636,,96.36363636
17/12/2023 15:14:51,HS-5,Bhagaban-Fulia,Handloom-saree,white-red,5.5,430.0,78.18181818,,78.18181818
17/12/2023 15:16:28,HWB-2,Bhagaban-Fulia,Handloom-weaved-border,beige-red,5.5,430.0,78.18181818,,78.18181818
17/12/2023 15:23:36,HS-6,Bhagaban-Fulia,Handloom-saree,red-blue,5.5,250.0,45.45454545,,45.45454545
17/12/2023 15:24:45,HS-7,Bhagaban-Fulia,Handloom-saree,pink,5.5,250.0,45.45454545,,45.45454545
17/12/2023 15:27:30,HS-8,Bhagaban-Fulia,Handloom-saree,maroon,5.5,250.0,45.45454545,,45.45454545
17/12/2023 15:31:38,HK-1,Bhagaban-Fulia,Handloom-khesh,maroon,5.5,300.0,54.54545455,,54.54545455
17/12/2023 15:32:13,HK-2,Bhagaban-Fulia,Handloom-khesh,black,5.5,300.0,54.54545455,,54.54545455
17/12/2023 15:33:50,HS-9,Bhagaban-Fulia,Handloom-saree,grey,5.5,250.0,45.45454545,,45.45454545
17/12/2023 15:35:09,HS-10,Bhagaban-Fulia,Handloom-saree,olive-green,5.5,250.0,45.45454545,,45.45454545
17/12/2023 15:38:48,HB-1,Bhagaban-Fulia,Handloom-BP,pesta-mantra,0.8,50.0,62.5,,62.5
17/12/2023 15:40:12,HB-2,Bhagaban-Fulia,Handloom-BP,white-madhubani,0.8,50.0,62.5,,62.5
17/12/2023 15:54:51,SS-3,Handloom-cottage,Silky-silk,light-mauve,5.5,850.38,154.6145455,,154.6145455
17/12/2023 15:59:08,MaC-1,Handloom-cottage,Mal-chanderi,white,0.0,0.0,164.5876923,,164.5876923
17/12/2023 16:12:07,CaC-12,Handloom-cottage,Cambridge-cotton,white,4.15,427.035,102.9,,102.9
17/12/2023 16:16:55,CaC-13,Handloom-cottage,Cambridge-cotton,beige,2.5,257.26,102.904,,102.904
17/12/2023 16:26:59,PrC-61,Handloom-cottage,Printed-cotton,red-leafy,1.5,291.78,194.52,,194.52
17/12/2023 16:36:49,AS-15,Handloom-cottage,Alia-satin,brown-black-abstract,2.0,259.36,129.68,,129.68
17/12/2023 16:38:35,PrC-62,Handloom-cottage,Printed-cotton,black-and-white,1.0,194.51,194.51,,194.51
17/12/2023 16:47:19,KC-9,Handloom-cottage,Khadi-cotton,red,2.0,178.5,89.25,,89.25
17/12/2023 16:50:52,KC-10,Handloom-cottage,Khadi-cotton,mustard-brown,1.6,142.8,89.25,,89.25
17/12/2023 16:53:43,KC-11,Handloom-cottage,Khadi-cotton,black,0.2,15.75,78.75,,78.75
17/12/2023 16:56:12,CaC-14,Handloom-cottage,Cambridge-cotton,dark-grey,0.8,82.32,102.9,,102.9
17/12/2023 16:58:17,CaC-15,Handloom-cottage,Cambridge-cotton,bottle-green,1.6,164.64,102.9,,102.9
17/12/2023 17:06:57,R-16,Handloom-cottage,Ribela,rose-gold,2.75,425.1796153,154.6107692,,154.6107692
17/12/2023 17:07:43,R-17,Handloom-cottage,Ribela,chocolate,2.75,425.1796153,154.6107692,,154.6107692
17/12/2023 17:13:07,AS-16,Handloom-cottage,Alia-satin,abstract-blue-kalamkari,2.5,324.19,129.676,,129.676
17/12/2023 17:18:02,KK-3,Handloom-cottage,Kolom-kari,brown-beige,2.25,283.5,126.0,,126
17/12/2023 17:20:14,KK-4,Handloom-cottage,Kolom-kari,grey-blue,3.0,378.0,126.0,,126
17/12/2023 17:24:29,PrC-63,Handloom-cottage,Printed-cotton,grey-floral,3.1,406.88,131.2516129,,131.2516129
17/12/2023 17:26:27,PrC-64,Handloom-cottage,Printed-cotton,green-lemon,2.5,374.06,149.624,,149.624
17/12/2023 17:27:02,PrC-65,Handloom-cottage,Printed-cotton,pink-lemon,2.5,374.06,149.624,,149.624
29/12/2023 13:03:01,CaC-16,Handloom Cottage,Cambric-cotton,Red,1.5,150.0,100.0,0.0,100.0
