,Unnamed: 0,TimeStamp,MatCode,Model No.,Category,Name,Description,Quantity,Price,Image,MasterModel,Remarks,Sold Price
0,0,12/05/2022 01:52:54,CS-4-P1,OW0-CS-1,outfit > women > saree,XXX,"This exquisite saree is crafted from a subtle blend of cotton and silk. Its elegant off white base pairs perfectly with the intricate ajraak block print in mesmerizing hues of firozi, yellow and maroon. Its delicate beauty and intricate detailing is sure to make you stand out.",1,2285.384615,,,,
1,1,12/05/2022 02:05:23,CS-2-P1,OW0-CS-2,outfit > women > saree,YYY,"This beige cotton silk saree is adorned with a madhuvani block print in shades of brown and firozi, giving it a subtle and delicate elegance. The fabric shines, giving the outfit an alluring touch of sophistication.",1,1540.75,,,,
2,2,12/05/2022 02:09:26,CS-1-P1,OW0-CS-3,outfit > women > saree,ZZZ,This saree features a beautiful cotton silk fabric in a deep and vibrant red. The art-work is a stunning combination of leafy buildings block print in complementary royalblue and black colors. It's a perfect combination of classic elegance and modern style.,1,1540.75,,,,
3,3,12/05/2022 18:53:27,MC-1-P1,OW0-MC-1,outfit > women > saree,Emerald Wine,"Rich malai cotton draped gracefully in a classic saree with a light emerald green base, inlaid with meandering lines of brown and royalblue in striking madhuvani block print pattern. A timeless ensemble for any occasion.",1,1788.25,,,,
4,4,12/09/2022 15:23:53,T-1-P1,OW0-T-1,outfit > women > saree,Tassar Brownie,,1,950.0,,,,
5,5,12/17/2022 21:05:43,GS-1-P1,OW0-GS-1,outfit > women > saree,Gorod Saree,,1,850.0,,,,
6,6,12/17/2022 22:06:08,MC-4-P1,OW1-MC-1,outfit > women > designer-blouse,Designer Blouse,,1,650.0,,,,
7,7,12/23/2022 10:29:13,PC-2-P1,OW0-PC-1,outfit > women > saree,Greenymph,"The white cotton saree has a serene beauty. The dark green and light green plant designs, block-printed on it make it look vibrant. The brown border adds a unique charm and enhances the overall look of the saree.",1,1198.076923,,,,
8,8,12/23/2022 10:31:26,PC-2-P2,OW1-PC-1,outfit > women > designer-blouse,,"This pure cotton blouse is vivid and captivating. The base color of white is delicately adorned with block printed white flowers on a deep yellow backdrop. Bright and graceful, this blouse is sure to make a statement.",1,701.9230769,,,,
9,9,12/23/2022 10:58:22,PS-1-P1,OW0-PS-1,outfit > women > saree,Floral-patli-pallu,"This exquisite saree is an ideal combination of grace and beauty. Crafted from pure silk, its immaculate red base is adorned with an exquisite floral block print in shades of yellow, white and green. The border is further enhanced with a subtle print in yellow and green.",1,4150.0,,,,
10,10,12/23/2022 10:59:25,PS-1-P2,OW1-PS-1,outfit > women > designer-blouse,Red-blouse,,1,440.0,,,,
11,11,12/23/2022 10:59:25,PB-1,OWA-PB-1,outfit > women > accessories,Accessories,,1,210.0,,,,
12,12,01/20/2023 19:00:04,CS-4-P2,OW1-CS-1,outfit > women > designer-blouse,,,1,834.6153846,,,,
13,13,01/20/2023 23:33:14,AM-1-P1,OW0-AM-1,outfit > women > saree,,,1,2490.0,,,,
14,14,01/21/2023 00:09:05,CC-6-P1,OW0-CC-1,outfit > women > saree,Grey-fish-saree,"The grey cotton saree is incredibly comfortable to wear. It features a unique layered-tide block print, with beautiful fishes swimming in an ocean of black and maroon. An eye-catching statement piece for any wardrobe.",0,1193.333333,,,,
15,15,01/21/2023 00:09:53,FPC-1-P1,OW1-FPC-1,outfit > women > designer-blouse,Black-fish-blouse,,0,806.3333333,,,,
16,16,01/21/2023 01:06:09,ArS-1-P1,OW1-ArS-1,outfit > women > designer-blouse,,,1,750.0,    ,,,
17,17,01/21/2023 01:06:09,ArS-2-P1,OW1-ArS-2,outfit > women > designer-blouse,,,1,949.25,    ,,,
18,18,01/21/2023 01:41:17,CSC-1-P1,OW0-CSC-1,outfit > women > saree,,,1,2260.0,,,,
19,19,01/21/2023 01:45:18,CSC-1-P2,OW1-CSC-1,outfit > women > designer-blouse,,,1,715.0,,,,
20,20,01/21/2023 01:41:17,CSC-3-P1,OW0-CSC-2,outfit > women > saree,,,1,2260.0,,,,
21,21,01/21/2023 01:45:18,CSC-2-P3,OW1-CSC-2,outfit > women > designer-blouse,,,1,715.0,,,,
22,22,01/21/2023 19:51:02,KC-2-P1,OW0-KC-1,outfit > women > saree,saree,,1,2700.0,,,,
23,23,01/21/2023 20:02:22,KS-1-P1,OW0-KS-1,outfit > women > saree,,,1,1650.0,,,,
24,24,01/21/2023 20:02:22,KS-2-P1,OW0-KS-2,outfit > women > saree,,,1,1650.0,,,,
25,25,01/20/2023 19:00:04,CS-5-P1,OW0-CS-4,outfit > women > saree,,,1,1561.0,,,,
26,26,01/20/2023 19:00:04,MC-11-P1,OW1-MC-2,outfit > women > designer-blouse,,,1,939.0,,,,
27,27,01/21/2023 01:41:17,CSC-5-P1,OW0-CSC-3,outfit > women > saree,,,1,1600.0,,,,
28,28,01/21/2023 01:06:09,ArS-5-P1,OW1-ArS-3,outfit > women > designer-blouse,,,1,949.25,    ,,,
29,29,02/03/2023 10:20:54,MS-1-P1,OM0-MS-1,outfit > men > short-kurta,Short-kurta,,1,1249.0,,,,
30,30,02/05/2023 22:35:05,AS-2-P1,OW1-AS-1,outfit > women > designer-blouse,,,1,1049.964286,,,,
31,31,02/14/2023 11:59:39,CaC-2-P1,OM1-CaC-1,outfit > men > kurta,Panjabi,,2,1450.025334,,,,
32,32,02/14/2023 12:13:52,CaC-2-P4,OM1-CaC-2,outfit > men > kurta,,,1,1450.022222,,,,
33,33,02/14/2023 12:21:29,MS-2-P1,OM0-MS-2,outfit > men > short-kurta,Uttaran ,,1,1250.358876,,,,
34,34,02/14/2023 12:35:11,FC-1-P1,OM0-FC-1,outfit > men > short-kurta,Om,,1,1250.222222,,,,
35,35,02/14/2023 13:30:32,SC-1-P2,OM2-SC-1,outfit > men > half-shirt,half-shirt,,1,1149.938494,,,,
36,36,02/14/2023 13:32:21,SC-1-P3,OM2-SC-2,outfit > men > half-shirt,,,1,1150.050795,,,,
37,37,02/22/2023 12:39:32,PrC-8-P1,OM2-PrC-1,outfit > men > half-shirt,half-shirt,,1,800.0,,,,
38,38,03/07/2023 19:56:55,AM-2-P1,OW0-AM-2,outfit > women > saree,,,1,2250.334286,,,,
39,39,03/07/2023 21:57:11,ArS-1-P1,OW1-ArS-4,outfit > women > designer-blouse,,,1,749.9642857,,,,
40,40,03/07/2023 22:00:46,FR-2-P1,OW1-FR-1,outfit > women > designer-blouse,,,1,949.25,,,,
41,41,03/11/2023 18:09:15,PrC-7-P1,OM0-PrC-1,outfit > men > short-kurta,,,1,1049.666667,,,,
42,42,04/12/2023 15:38:47,SC-15-P1,OM0-SC-1,outfit > men > short-kurta,,,1,1149.666667,,,,
43,43,04/27/2023 01:17:55,PrC-31-P1,OW2-PrC-1,outfit > women > frock,,,1,990.0,,,,
44,44,04/28/2023 00:56:45,R-4-P1,OW0-R-1,outfit > women > saree,Saree,,1,2519.838235,,,,
45,45,04/28/2023 00:59:17,R-5-P1,OW1-R-1,outfit > women > designer-blouse,Phoolon-ke-rang-se,,1,840.0,,,,
46,46,04/29/2023 01:55:55,SC-11-P1,OW0-SC-1,outfit > women > saree,Phoolon-ke-rang-se,,1,1950.214286,,,,
47,47,05/02/2023 01:36:55,KC-4-P1,OM2-KC-1,outfit > men > half-shirt,Abyakta,,1,1293.5,,,,
48,48,05/02/2023 21:44:10,CaC-2-P6,OM0-CaC-1,outfit > men > short-kurta,Mishawr-Rawhoshyo,,1,1250.026667,,,,
49,49,12/23/2022 10:59:25,MB-1,OWA-MB-1,outfit > women > accessories,Accessories,,1,240.0,,,,
50,50,05/03/2023 18:16:28,CA-1-P2,OW1-CA-1,outfit > women > designer-blouse,blouse,,1,690.4,,,,
51,51,05/04/2023 16:56:45,C-4-P1,OW0-C-4,outfit > women > saree,triangular-park,,1,1650.0,,,,
52,52,05/08/2023 08:56:14,MC-3-P1,OW3-MC-1,outfit > women > crop-top,,,1,650.8541667,,,,
53,53,06/18/2023 17:05:50,PrC-16-P1,OM3-PrC-1,outfit > men > full-shirt,,,1,1149.611111,,,,
54,54,06/18/2023 17:29:16,PrC-17-P1,OW3-PrC-1,outfit > women > crop-top,,,1,890.4444444,,,,
55,55,06/18/2023 17:36:20,PrC-32-P1,OW3-PrC-2,outfit > women > crop-top,,,1,889.8055556,,,,
56,56,06/18/2023 17:46:24,PrC-14-P1,OW3-PrC-3,outfit > women > crop-top,,,1,1089.541667,,,,
57,57,06/18/2023 18:06:49,PrC-11-P1,OW3-PrC-4,outfit > women > crop-top,,,1,1089.541667,,,,
58,58,06/18/2023 18:50:42,SS-2-P1,OW0-SS-1,outfit > women > saree,,,1,2250.3008,,,,
59,59,06/18/2023 20:24:35,CC-4-P1,OW0-CC-2,outfit > women > saree,,,1,1049.615385,,,,
60,60,06/18/2023 20:30:23,PrC-9-P1,OW1-PrC-1,outfit > women > designer-blouse,,,1,700.0,,,,
61,61,06/21/2023 01:37:32,MoC-2-P2,OW3-MoC-1,outfit > women > crop-top,,,1,689.69208,,,,
62,62,04/07/2023 13:59:17,MoC-5-P1,OW0-MoC-1,outfit > women > saree,Saree,,1,2500.071481,,,,
63,63,04/07/2023 14:00:12,CA-3-P2,OW1-CA-2,outfit > women > designer-blouse,Designer blouse,,1,900.0857407,,,,
64,64,04/07/2023 20:17:00,R-7-P2,OW1-R-2,outfit > women > designer-blouse,Designer blouse,,1,920.0,,,,
65,65,04/07/2023 20:17:38,R-7-P1,OW0-R-2,outfit > women > saree,Saree,,1,2350.0,,,,
66,66,04/07/2023 20:17:38,MB-1,OWA-MB-2,outfit > women > accessories,Accessories,,1,150.0,,,,
67,67,05/07/2023 00:39:27,ArS-12-P1,OW1-ArS-5,outfit > women > designer-blouse,Designer blouse,,1,750.0,,,,
68,68,05/07/2023 00:41:54,AM-3-P1,OW0-AM-3,outfit > women > saree,Basantabas,,1,2250.0,,,,
69,69,05/07/2023 01:11:06,AM-5-P1,OW0-AM-4,outfit > women > saree,Basantabas,,1,2250.0,,,,
70,70,05/07/2023 01:24:01,ArS-18-P1,OW1-ArS-6,outfit > women > designer-blouse,Designer blouse,,1,750.0142963,,,,
71,71,05/07/2023 23:49:30,MoC-12-P1,OW0-MoC-2,outfit > women > saree,Saree,,0,1810.0,,,,
72,72,05/07/2023 23:50:32,MoC-10-P1,OW1-MoC-1,outfit > women > designer-blouse,Designer blouse,,0,590.0,,,,
73,73,06/07/2023 01:20:26,KC-4-P3,OM2-KC-2,outfit > men > half-shirt,Half shirt,,0,1150.0,,,,
74,74,12/07/2023 11:43:22,AM-5-P2,OW0-AM-5,outfit > women > saree,Basantabas,,0,2250.0,,,,
75,75,12/07/2023 11:44:55,ArS-18-P2,OW1-ArS-7,outfit > women > designer-blouse,Designer-Blouse,,0,750.2142963,,,,
76,76,13/07/2023 20:18:16,AS-5-P1,OW2-AS-1,outfit > women > frock,Camellia,,0,1190.066667,,,,
77,77,13/07/2023 20:21:22,MoS-6-P1,OW2-MoS-1,outfit > women > frock,Maple Foliage,,0,1240.062667,,,,
78,78,13/07/2023 23:12:44,ArS-15-P1,OW1-ArS-8,outfit > women > designer-blouse,Designer blouse,,0,700.4074074,,,,
79,79,24/07/2023 11:05:20,AM-5-P3,OW0-AM-6,outfit > women > saree,Basantabas,,0,2250.0,,,,
80,80,24/07/2023 11:07:14,ArS-18-P3,OW1-ArS-9,outfit > women > designer-blouse,Designer-Blouse,,0,750.2142963,,,,
81,81,24/07/2023 11:41:57,PrC-34-P1,OW4-PrC-1,outfit > women > kurti,,,1,850.4353024,,,,
82,82,24/07/2023 12:04:31,PrC-17-P2,OW3-PrC-5,outfit > women > crop-top,,,1,940.1666666,,,,
83,83,24/07/2023 12:22:40,PrC-37-P1,OW5-PrC-1,outfit > women > shirt-women,,,1,1150.0625,,,,
84,84,24/07/2023 12:33:23,PrC-37-P2,OW3-PrC-6,outfit > women > crop-top,,,1,800.2416667,,,,
85,85,24/07/2023 13:06:10,KC-6-P1,OW5-KC-1,outfit > women > shirt-women,,,1,1100.4539,,,,
86,86,24/07/2023 13:13:43,KC-6-P2,OM0-KC-1,outfit > men > short-kurta,,,1,1249.6052,,,,
87,87,24/07/2023 13:20:41,KC-6-P3,OW4-KC-1,outfit > women > kurti,,,1,1120.0,,,,
88,88,24/07/2023 13:29:27,KC-6-P4,OW3-KC-1,outfit > women > crop-top,,,1,710.3026,,,,
89,89,24/07/2023 14:20:07,KC-5-P1,OW3-KC-2,outfit > women > crop-top,,,1,649.8256,,,,
90,90,24/07/2023 14:31:46,KC-5-P2,OM0-KC-2,outfit > men > short-kurta,,,1,1000.2384,,,,
91,91,24/07/2023 14:36:12,KC-5-P3,OM0-KC-3,outfit > men > short-kurta,,,1,1000.2384,,,,
92,92,24/07/2023 14:51:13,CaC-3-P1,OW3-CaC-1,outfit > women > crop-top,,,1,709.8069333,,,,
93,93,24/07/2023 14:57:56,MSl-2-P1,OM0-MSl-1,outfit > men > short-kurta,Orange-Lace-Shirt,,0,1000.0,,,,
94,94,24/07/2023 15:21:10,RC-2-P1,OM2-RC-1,outfit > men > half-shirt,,,1,1149.933333,,,,
95,95,24/07/2023 15:30:00,MSl-1-P1,OW4-MSl-1,outfit > women > kurti,Bottle-green Kurti,,0,1099.904762,,,,
96,96,24/07/2023 15:54:55,KC-6-P5,OM0-KC-4,outfit > men > short-kurta,,,1,1249.52955,,,,
97,97,24/07/2023 16:02:27,PrC-33-P1,OW4-PrC-2,outfit > women > kurti,,,1,850.4812838,,,,
98,98,24/07/2023 16:11:05,PrC-33-P2,OM2-PrC-2,outfit > men > half-shirt,Collar-Up-Shirt,,0,1050.329412,,,,
99,99,24/07/2023 16:48:36,SC-22-P1,OW4-SC-1,outfit > women > kurti,short-kurti-women,,0,950.1189577,,,,
100,100,24/07/2023 16:58:54,SC-22-P2,OM0-SC-2,outfit > men > short-kurta,short-kurta-men,,0,1050.468958,,,,
101,101,24/07/2023 17:07:01,PrC-18-P1,OM2-PrC-3,outfit > men > half-shirt,,,1,950.452381,,,,
102,102,24/07/2023 17:13:38,AS-7-P1,OM0-AS-1,outfit > men > short-kurta,,,1,1049.666667,,,,
103,103,24/07/2023 17:34:40,PrC-41-P1,OW4-PrC-3,outfit > women > kurti,,,1,1030.452381,,,,
104,104,24/07/2023 17:36:48,PrC-42-P1,OW6-PrC-1,outfit > women > palazzo,,,1,920.4047618,,,,
105,105,24/07/2023 18:46:48,PrC-2-P1,OW7-PrC-1,outfit > women > long-skirt,,,1,1410.051515,,,,
106,106,24/07/2023 21:25:08,AS-8-P1,OW4-AS-1,outfit > women > kurti,,,1,1199.765805,,,,
107,107,24/07/2023 22:11:09,Ti-4-P1,OW0-Ti-1,outfit > women > saree,,,1,2949.844187,,,,
108,108,24/07/2023 22:12:48,Ti-6-P1,OW1-Ti-1,outfit > women > designer-blouse,,,1,1100.0,,,,
109,109,24/07/2023 23:15:28,Ba-1-P1,OW3-Ba-1,outfit > women > crop-top,,,1,950.452381,,,,
110,110,24/07/2023 23:32:41,PrC-34-P2,OW4-PrC-4,outfit > women > kurti,,,1,1250.344647,,,,
111,111,24/07/2023 23:35:37,PrC-34-P3,OW6-PrC-2,outfit > women > palazzo,,,1,800.0415322,,,,
112,112,24/07/2023 23:56:07,PrC-49-P2,OW6-PrC-3,outfit > women > palazzo,,,1,800.0,,,,
113,113,24/07/2023 23:57:17,PrC-49-P1,OW4-PrC-5,outfit > women > kurti,,,1,1250.0,,,,
114,114,25/07/2023 00:02:07,PrC-49-P3,OW9-PrC-1,outfit > women > hot-pant,,,1,800.0,,,,
115,115,25/07/2023 00:26:26,CaC-5-P1,OW4-CaC-1,outfit > women > kurti,,,1,880.0,,,,
116,116,25/07/2023 00:34:40,CaC-5-P2,OW4-CaC-2,outfit > women > kurti,,,1,880.38416,,,,
117,117,25/07/2023 00:38:02,AS-6-P1,OW4-AS-2,outfit > women > kurti,,,1,1100.416667,,,,
118,118,25/07/2023 13:25:05,H-4-P5,OW4-H-1,outfit > women > kurti,,,1,1300.0,,,,
119,119,25/07/2023 13:26:31,H-4-P6,OW10-H-1,outfit > women > sharara,,,1,1500.0,,,,
120,120,25/07/2023 13:27:49,O-1-P1,OW11-O-1,outfit > women > dupatta,,,1,1200.0,,,,
121,121,25/07/2023 15:10:29,AS-10-P1,OM0-AS-2,outfit > men > short-kurta,,,1,1050.047619,,,,
122,122,25/07/2023 16:13:19,PrC-50-P1,OW12-PrC-1,outfit > women > shrug,,,1,990.0,,,,
123,123,25/07/2023 16:14:48,PrC-51-P1,OW12-PrC-2,outfit > women > shrug,,,1,990.0,,,,
124,124,25/07/2023 16:17:07,PrC-50-P2,OW9-PrC-2,outfit > women > hot-pant,,,1,760.0,,,,
125,125,25/07/2023 16:17:45,PrC-51-P2,OW9-PrC-3,outfit > women > hot-pant,,,1,760.0,,,,
126,126,25/07/2023 16:23:10,CaC-6-P2,OW4-CaC-3,outfit > women > kurti,,,1,1050.1052,,,,
127,127,25/07/2023 16:23:57,CaC-6-P1,OW6-CaC-1,outfit > women > palazzo,,,1,800.0,,,,
128,128,25/07/2023 16:41:19,MoC-3-P2,OM0-MoC-1,outfit > men > short-kurta,,,1,1249.737707,,,,
129,129,25/07/2023 16:49:56,BT-1-P3,OW0-BT-1,outfit > women > saree,,,1,1600.0,,,,
130,130,25/07/2023 16:55:16,BT-1-P1,OW0-BT-2,outfit > women > saree,,,1,1400.0,,,,
131,131,25/07/2023 17:13:56,BT-2-P1,OW0-BT-3,outfit > women > saree,Yellow saree,,1,1500.0,,,,
132,132,25/07/2023 17:14:42,BT-2-P2,OW1-BT-1,outfit > women > designer-blouse,Designer-blouse,,1,650.0,,,,
133,133,25/07/2023 17:30:18,BT-3-P1,OW0-BT-4,outfit > women > saree,,,1,1790.0,,,,
134,134,25/07/2023 17:35:34,H-5-P1,OW0-H-1,outfit > women > saree,White Saree,,1,2150.071481,,,,
135,135,25/07/2023 17:58:59,ArS-9-P1,OW0-ArS-1,outfit > women > saree,,,1,1199.714286,,,,
136,136,25/07/2023 18:01:25,R-2-P1,OW0-R-3,outfit > women > saree,,,1,2400.5,,,,
137,137,25/07/2023 18:04:13,ArS-4-P1,OW1-ArS-10,outfit > women > designer-blouse,,,1,720.0,,,,
138,138,25/07/2023 19:15:20,KS-3-P1,OW0-KS-3,outfit > women > saree,,,1,1050.0,,,,
139,139,25/07/2023 19:16:29,KS-3-P2,OW1-KS-1,outfit > women > designer-blouse,,,1,600.0,,,,
140,140,25/07/2023 19:29:29,ArS-8-P1,OW0-ArS-2,outfit > women > saree,,,1,1050.214286,,,,
141,141,25/07/2023 19:44:16,G-2-P2,OW1-G-1,outfit > women > designer-blouse,,,1,750.0,,,,
142,142,25/07/2023 19:45:34,Ti-1-P1,OW1-Ti-2,outfit > women > designer-blouse,,,1,1050.0,,,,
143,143,25/07/2023 19:48:21,R-1-P1,OW0-R-4,outfit > women > saree,,,1,2350.0,,,,
144,144,25/07/2023 19:53:10,SS-1-P1,OW0-SS-2,outfit > women > saree,,,1,1589.5,,,,
145,145,25/07/2023 20:06:45,CSC-6-P1,OW0-CSC-4,outfit > women > saree,,,1,1350.088235,,,,
146,146,25/07/2023 20:17:43,PrC-52-P1,OW1-PrC-2,outfit > women > designer-blouse,,,1,800.1,,,,
147,147,25/07/2023 20:29:38,Ti-2-P1,OW1-Ti-3,outfit > women > designer-blouse,,,1,1050.0,,,,
148,148,25/07/2023 20:36:08,CSC-4-P1,OW0-CSC-5,outfit > women > saree,,,1,1590.088236,,,,
149,149,25/07/2023 20:42:16,ArS-17-P1,OW1-ArS-11,outfit > women > designer-blouse,,,1,750.4208,,,,
150,150,25/07/2023 20:43:05,FS-1-P1,OW0-FS-1,outfit > women > saree,,,1,2350.0,,,,
151,151,25/07/2023 21:29:44,SC-7-P1,OW0-SC-2,outfit > women > saree,,,1,1700.464286,,,,
152,152,25/07/2023 21:59:25,MoS-1-P1,OW0-MoS-1,outfit > women > saree,,,1,1930.214286,,,,
153,153,25/07/2023 22:09:03,CSC-9-P1,OW1-CSC-3,outfit > women > designer-blouse,,,1,750.0,,,,
154,154,25/07/2023 22:11:30,CSC-10-P1,OW0-CSC-6,outfit > women > saree,,,1,2250.0,,,,
155,155,25/07/2023 22:22:35,MoS-2-P1,OW0-MoS-2,outfit > women > saree,,,1,1930.214286,,,,
156,156,25/07/2023 22:29:35,MoS-3-P1,OW1-MoS-1,outfit > women > designer-blouse,,,1,769.9642857,,,,
157,157,25/07/2023 22:57:23,MoS-4-P1,OW1-MoS-2,outfit > women > designer-blouse,,,1,769.9642857,,,,
158,158,26/07/2023 00:00:16,MoC-2-P1,OW0-MoC-3,outfit > women > saree,,,1,2650.0,,,,
159,159,26/07/2023 00:12:27,MC-7-P1,OW0-MC-2,outfit > women > saree,,,1,2150.0,,,,
160,160,26/07/2023 00:14:45,MC-6-P2,OW1-MC-3,outfit > women > designer-blouse,,,1,840.0235294,,,,
161,161,26/07/2023 00:37:07,Ti-3-P1,OW0-Ti-2,outfit > women > saree,Silver Line (saree),,0,2950.2958,,,,
162,162,26/07/2023 00:38:09,Ti-5-P1,OW1-Ti-4,outfit > women > designer-blouse,Designer Blouse,,0,1100.154762,,,,
163,163,26/07/2023 00:50:58,BT-1-P2,OW0-BT-5,outfit > women > saree,,,1,1389.5,,,,
164,164,29/07/2023 11:00:59,SC-17-P1,OW4-SC-2,outfit > women > kurti,,,1,1050.333333,,,,
165,165,29/07/2023 11:39:16,PrC-36-P4,OW4-PrC-6,outfit > women > kurti,,,1,950.4625001,,,,
166,166,29/07/2023 11:45:30,ArS-10-P1,OW0-ArS-3,outfit > women > saree,,,1,1100.214286,,,,
167,167,01/08/2023,G-1-P1,OW1-G-2,outfit > women > designer-blouse,,,1,779.9642857,,,,
168,168,29/07/2023 12:01:29,PrC-35-P1,OM3-PrC-2,outfit > men > full-shirt,,,1,1149.641481,,,,
169,169,29/07/2023 12:03:59,PrC-58-P1,OW4-PrC-7,outfit > women > kurti,,,1,943.0,,,,
170,170,29/07/2023 12:20:18,PrC-2-P2,OW12-PrC-3,outfit > women > shrug,,,1,1050.181818,,,,
171,171,29/07/2023 12:29:51,SC-14-P1,OW0-SC-3,outfit > women > saree,,,1,1850.214286,,,,
172,172,29/07/2023 12:36:31,CSC-12-P1,OW0-CSC-7,outfit > women > saree,"Crimson Elegance, the saree",,0,1250.4208,,,,
173,173,29/07/2023 12:41:17,PrC-59-P1,OW12-PrC-4,outfit > women > shrug,,,1,1050.0,,,,
174,174,06/08/2023 13:41:29,CaC-2-P2,OW2-CaC-1,outfit > women > frock,,,1,1240.024889,,,,
175,175,06/08/2023 13:52:13,AS-1-P2,OW4-AS-3,outfit > women > kurti,,,1,750.0,,,,
176,176,06/08/2023 14:03:09,AS-4-P1,OW3-AS-1,outfit > women > crop-top,,,1,440.1666667,,,,
177,177,06/08/2023 14:03:16,AS-3-P1,OW3-AS-2,outfit > women > crop-top,,,1,440.1666667,,,,
178,178,06/08/2023 17:42:49,PrC-18-P2,OW13-PrC-1,outfit > women > waist-coat,,,1,749.968254,,,,
179,179,06/08/2023 17:55:18,MoC-2-P3,OW4-MoC-1,outfit > women > kurti,,,1,849.5317667,,,,
180,180,06/08/2023 18:18:11,PrC-57-P1,OM0-PrC-2,outfit > men > short-kurta,,,1,890.25,,,,
181,181,06/08/2023 18:18:17,AS-5-P2,OW1-AS-2,outfit > women > designer-blouse,,,1,599.9166667,,,,
182,182,06/08/2023 18:32:46,PrC-13-P1,OW6-PrC-4,outfit > women > palazzo,,,1,849.6527777,,,,
183,183,06/08/2023 18:35:49,AS-7-P2,OW1-AS-3,outfit > women > designer-blouse,W-Top,,0,689.7424242,,,,
184,184,06/08/2023 18:36:03,AS-7-P3,OW1-AS-4,outfit > women > designer-blouse,,,1,689.7424242,,,,
185,185,06/08/2023 18:38:59,PrC-13-P2,OW9-PrC-4,outfit > women > hot-pant,,,1,649.5277777,,,,
186,186,06/08/2023 19:11:26,MoS-6-P2,OW1-MoS-3,outfit > women > designer-blouse,,,1,600.0598974,,,,
187,187,06/08/2023 19:38:11,PrC-56-P1,OM2-PrC-4,outfit > men > half-shirt,,,1,990.2142857,,,,
188,188,06/08/2023 22:26:31,CaC-10-P1,OM2-CaC-1,outfit > men > half-shirt,,,1,889.6666667,,,,
189,189,06/08/2023 23:13:53,PrC-26-P1,OW4-PrC-8,outfit > women > kurti,,,1,846.7906667,,,,
190,190,06/08/2023 23:15:05,PrC-28-P1,OW11-PrC-1,outfit > women > dupatta,,,1,499.7906667,,,,
191,191,06/08/2023 23:16:01,PrC-27-P1,OW6-PrC-5,outfit > women > palazzo,,,1,599.7906667,,,,
192,192,06/08/2023 23:52:38,PrC-20-P1,OW4-PrC-9,outfit > women > kurti,,,1,846.7113016,,,,
193,193,06/08/2023 23:53:21,PrC-22-P1,OW11-PrC-2,outfit > women > dupatta,,,1,499.7113016,,,,
194,194,06/08/2023 23:53:43,PrC-21-P1,OW6-PrC-6,outfit > women > palazzo,,,1,599.7113016,,,,
195,195,09/08/2023 00:03:27,MoS-5-P1,OW4-MoS-1,outfit > women > kurti,,,1,889.872,,,,
196,196,09/08/2023 00:24:09,PrC-46-P1,OW13-PrC-2,outfit > women > waist-coat,,,1,750.308768,,,,
197,197,09/08/2023 02:12:18,KC-4-P4,OW14-KC-1,outfit > women > collar,,,2,299.21,,,,
198,198,09/08/2023 02:15:56,KC-7-P2,OW8-KC-1,outfit > women > wrap-top,,,1,649.8552,,,,
199,199,09/08/2023 02:20:56,KC-7-P3,OW3-KC-3,outfit > women > crop-top,,,1,649.8552,,,,
200,200,09/08/2023 21:42:25,PrC-55-P1,OM2-PrC-5,outfit > men > half-shirt,,,1,1049.6,,,,
201,201,09/08/2023 21:56:09,CaC-11-P1,OM2-CaC-2,outfit > men > half-shirt,,,1,1050.1,,,,
202,202,09/08/2023 22:06:30,PrC-6-P2,OW12-PrC-5,outfit > women > shrug,,,1,849.7499999,,,,
203,203,09/08/2023 23:54:23,StC-1-P1,OW5-StC-1,outfit > women > shirt-women,,,1,950.2272728,,,,
204,204,10/08/2023 00:03:01,PrC-45-P1,OW5-PrC-2,outfit > women > shirt-women,,,1,899.5197044,,,,
205,205,10/08/2023 00:14:56,PrC-41-P3,OM3-PrC-3,outfit > men > full-shirt,,,1,1049.745238,,,,
206,206,10/08/2023 00:24:02,PrC-12-P1,OW5-PrC-3,outfit > women > shirt-women,,,1,1149.541667,,,,
207,207,10/08/2023 00:53:31,CaC-9-P2,OM0-CaC-2,outfit > men > short-kurta,,,1,949.5,,,,
208,208,10/08/2023 00:59:10,PrC-57-P2,OM0-PrC-3,outfit > men > short-kurta,,,1,949.75,,,,
209,209,10/08/2023 01:04:38,PrC-41-P2,OM0-PrC-4,outfit > men > short-kurta,,,1,950.0738095,,,,
210,210,10/08/2023 01:14:30,PrC-6-P1,OW5-PrC-4,outfit > women > shirt-women,,,1,949.625,,,,
211,211,10/08/2023 01:36:54,AS-10-P2,OM0-AS-3,outfit > men > short-kurta,,,1,950.0702381,,,,
212,212,10/08/2023 01:57:31,PrC-19-P2,OW9-PrC-5,outfit > women > hot-pant,,,1,550.0,,,,
213,213,10/08/2023 02:00:56,PrC-19-P3,OW3-PrC-7,outfit > women > crop-top,,,1,449.787037,,,,
214,214,10/08/2023 20:44:17,AF-1-P1,OW4-AF-1,outfit > women > kurti,,,1,1150.453333,,,,
215,215,10/08/2023 20:45:39,PrC-39-P1,OW4-PrC-10,outfit > women > kurti,,,1,1149.604167,,,,
216,216,10/08/2023 21:11:58,AS-8-P2,OW4-AS-4,outfit > women > kurti,,,1,1149.541667,,,,
217,217,10/08/2023 21:13:03,CaC-6-P3,OW6-CaC-2,outfit > women > palazzo,,,1,650.1052,,,,
218,218,10/08/2023 23:28:13,PrC-60-P1,OW4-PrC-11,outfit > women > kurti,,,1,860.0,,,,
219,219,10/08/2023 23:28:49,PrC-60-P2,OW15-PrC-1,outfit > women > top,,,1,860.0,,,,
220,220,10/08/2023 23:53:56,PrC-15-P1,OW4-PrC-12,outfit > women > kurti,,,1,1249.837607,,,,
221,221,11/08/2023 00:07:47,PrC-11-P2,OW4-PrC-13,outfit > women > kurti,,,1,1249.694444,,,,
222,222,11/08/2023 00:25:02,AS-12-P1,OW4-AS-5,outfit > women > kurti,,,1,750.2916666,,,,
223,223,11/08/2023 00:25:21,AS-12-P2,OW4-AS-6,outfit > women > kurti,,,1,850.0,,,,
224,224,11/08/2023 00:29:04,AS-11-P3,OW6-AS-1,outfit > women > palazzo,,,1,749.6666666,,,,
225,225,11/08/2023 13:29:13,PrC-33-P7,OW1-PrC-3,outfit > women > designer-blouse,maroon-blouse,,0,649.9875225,,,,
226,226,11/08/2023 13:35:54,CC-2-P1,OW0-CC-3,outfit > women > saree,maroon-saree,,0,1296.6,,,,
227,227,11/08/2023 13:42:52,CC-1-P1,OW0-CC-4,outfit > women > saree,,,1,1297.0,,,,
228,228,11/08/2023 14:50:04,SC-6-P1,OW0-SC-4,outfit > women > saree,,,1,1770.014286,,,,
229,229,11/08/2023 14:50:49,KK-2-P1,OW1-KK-1,outfit > women > designer-blouse,,,1,749.6904938,,,,
230,230,11/08/2023 14:52:02,KK-2-P3,OW1-KK-2,outfit > women > designer-blouse,,,1,649.6904938,,,,
231,231,11/08/2023 15:14:55,SC-4-P1,OW0-SC-5,outfit > women > saree,,,1,1769.714286,,,,
232,232,11/08/2023 15:19:46,KK-1-P2,OW1-KK-3,outfit > women > designer-blouse,,,1,749.5357407,,,,
233,233,11/08/2023 15:38:48,PrC-33-P8,OW15-PrC-2,outfit > women > top,,,2,550.0,,,,
234,234,11/08/2023 16:02:58,SC-10-P1,OW0-SC-6,outfit > women > saree,,,1,1769.564286,,,,
235,235,11/08/2023 16:04:02,PrC-15-P2,OW1-PrC-4,outfit > women > designer-blouse,,,1,750.2735043,,,,
236,236,11/08/2023 23:45:56,PrC-38-P1,OW2-PrC-2,outfit > women > frock,,,1,1050.104167,,,,
237,237,12/08/2023 00:07:16,ArS-20-P1,OW1-ArS-12,outfit > women > designer-blouse,,,1,879.8541667,,,,
238,238,12/08/2023 00:18:32,PrC-7-P2,OW2-PrC-3,outfit > women > frock,,,1,1049.666667,,,,
239,239,12/08/2023 00:52:46,AS-3-P2,OM2-AS-1,outfit > men > half-shirt,,,1,1049.666667,,,,
240,240,12/08/2023 00:56:06,AS-4-P2,OW4-AS-7,outfit > women > kurti,,,1,1049.666667,,,,
241,241,12/08/2023 01:22:11,MS-3-P1,OM0-MS-2,outfit > men > short-kurta,,,1,1150.132275,,,,
242,242,12/08/2023 01:33:30,PrC-4-P1,OM2-PrC-6,outfit > men > half-shirt,,,1,949.5333334,,,,
243,243,12/08/2023 01:44:04,ArS-5-P2,OW1-ArS-13,outfit > women > designer-blouse,,,1,750.0,,,,
244,244,12/08/2023 02:36:36,CG-1-P1,OW16-CG-1,outfit > women > kaftan,,,1,990.1666667,,,,
245,245,12/08/2023 02:54:17,BT-1-P4,OW0-BT-6,outfit > women > saree,,,1,1550.0,,,,
246,246,12/08/2023 02:54:45,BT-4-P1,OW0-BT-7,outfit > women > saree,,,1,1550.0,,,,
247,247,12/08/2023 03:18:03,KC-1-P1,OW0-KC-2,outfit > women > saree,,,1,2750.0,,,,
248,248,12/08/2023 03:34:31,MoC-7-P1,OW0-MoC-4,outfit > women > saree,,,1,3029.910741,,,,
249,249,12/08/2023 03:35:16,PrC-40-P2,OW1-PrC-5,outfit > women > designer-blouse,,,1,649.9270833,,,,
250,250,12/08/2023 03:59:04,KC-5-P4,OW6-KC-1,outfit > women > palazzo,,,1,750.2384,,,,
251,251,12/08/2023 22:36:50,CA-2-P1,OM4-CA-1,outfit > men > panjabi,,,1,1450.333333,,,,
252,252,13/08/2023 08:30:03,R-11-P1,OW0-R-5,outfit > women > saree,,,1,2049.55622,,,,
253,253,13/08/2023 08:38:00,R-8-P1,OW0-R-6,outfit > women > saree,,,1,2049.715395,,,,
254,254,13/08/2023 08:49:19,PC-1-P1,OW0-PC-2,outfit > women > saree,,,1,2000.346154,,,,
255,255,13/08/2023 08:59:59,CC-7-P1,OW0-CC-5,outfit > women > saree,,,1,2050.0,,,,
256,256,15/08/2023 18:13:35,SC-22-P3,OW1-SC-1,outfit > women > designer-blouse,,,1,600.2246204,,,,
257,257,15/08/2023 18:15:48,SC-22-P4,OW0-SC-7,outfit > women > saree,,,1,1449.668855,,,,
258,258,09/24/2023 10:01:35,MoC-9-P3,OM0-MoC-2,outfit > men > short-kurta,,,1,950.0,,,,
259,259,09/24/2023 10:08:53,MoC-9-P4,OM4-MoC-1,outfit > men > panjabi,,,1,1249.927083,,,,
260,260,24/09/2023 10:43:33,PrC-6-P3,OM0-PrC-5,outfit > men > short-kurta,,,1,950.0,,,,
261,261,24/09/2023 10:51:33,MoC-9-P1,OW0-MoC-5,outfit > women > saree,,,1,2699.5,,,,
262,262,12/23/2022 10:59:25,MB-3,OWA-MB-3,outfit > women > accessories,Accessories,,1,140.0,,,,
263,263,12/23/2022 10:59:25,MB-4,OWA-MB-4,outfit > women > accessories,Accessories,,1,160.0,,,,
264,264,12/23/2022 10:59:25,MB-5,OWA-MB-5,outfit > women > accessories,Accessories (green-yellow),,1,180.0,,,,
265,265,06/10/2023 01:09:10,MC-12-P1,OW4-MC-1,outfit > women > kurti,,,1,990.1111112,,,,
266,266,06/10/2023 01:09:47,CaC-5-P3,OW4-CaC-4,outfit > women > kurti,,,1,889.88416,,,,
267,267,06/10/2023 01:29:29,CaC-5-P4,OW11-CaC-1,outfit > women > dupatta,,,1,750.1052,,,,
268,268,06/10/2023 01:56:13,CaC-4-P1,OW15-CaC-1,outfit > women > top,,,1,849.8069334,,,,
269,269,08/10/2023 11:51:13,SC-1-P4,OW6-SC-1,outfit > women > palazzo,Palazzo,,0,700.0384942,,,,
270,270,08/10/2023 11:52:58,SC-2-P2,OW2-SC-1,outfit > women > frock,Putul-Frock,,0,850.0071429,,,,
271,271,08/10/2023 11:52:58,CaC,OW15-CaC-X,outfit > women > top,Yellow-Red Top,,0,750.0,,,,
272,272,13/10/2023 00:31:43,CS-10-P1,OW0-CS-8,outfit > women > saree,Beige saree,,0,1549.861391,,,,
273,273,13/10/2023 00:44:11,ArS-18-P4,OW1-ArS-14,outfit > women > designer-blouse,Designer blouse,,0,750.2142963,,,,
274,274,15/10/2023 17:16:57,FC-2-P1,OM0-FC-2,outfit > men > short-kurta,"Om, the magical aura",,0,1250.333333,,,,
275,275,15/10/2023 17:16:57,MB-6,OWA-MB-6,outfit > women > accessories,Accessories,,0,280.0,,,,
276,276,15/10/2023 17:16:57,MB-7,OWA-MB-7,outfit > women > accessories,Accessories,,0,380.0,,,,
277,277,20/10/2023 11:09:28,PrC-47-P1,OW4-PrC-14,outfit > women > kurti,indigo-kurti,,0,1199.804504,,,,
278,278,20/10/2023 11:10:11,PrC-47-P2,OW6-PrC-7,outfit > women > palazzo,indigo-palazzo,,0,649.8502582,,,,
279,279,20/10/2023 11:14:32,AS-14-P1,OW2-AS-2,outfit > women > frock,red-floral-dress,,0,1049.85034,,,,
280,280,16/11/2023 23:31:18,BT-5-P1,OW0-BT-8,outfit > women > saree,white-tant,,0,1550.0,,,,
281,281,29/12/2023 20:38:01,KC-11-P1,OM0-KC-5,outfit > men > short-kurta,,,1,1217.0,,,,
282,282,29/12/2023 21:06:08,CaC-14-P2,OM0-CaC-3,outfit > men > short-kurta,,,1,1350.64,,,,
283,283,29/12/2023 21:14:30,CaC-14-P1,OM0-CaC-4,outfit > men > short-kurta,,,1,1350.64,,,,
284,284,29/12/2023 23:56:18,KC-10-P1,OM0-KC-6,outfit > men > short-kurta,,,1,1250.8,,,,
285,285,31/12/2023 01:10:32,HS-9-P1,OW0-HS-1,outfit > women > saree,,,1,1200.0,,,,
