Timestamp,MatCode,Base,Length (m),Print and Dye,Remarks,Stitch and Applique,Remarks,Added expenses,Production cost,Added_to_catalogue,MatMaster,Remarks,
11/13/2022 23:56:23,CS-2-P1,522.5,5.5,150,madhuvani-block-print-with-brown-and-firozi-color,,,68.25,740.75,1,,,
11/13/2022 23:59:46,MC-1-P1,770,5.5,150,madhuvani-block-print-with-brown-and-royalblue-color,,,68.25,988.25,1,,,
11/13/2022 00:00:59,MC-2-P1,770,5.5,150,leafy-buildings-block-print-with-violet-and-black-color,550,stitching-and-tailoring,68.25,1538.25,1,,,
11/13/2022 00:02:24,CS-1-P1,522.5,5.5,150,leafy-buildings-block-print-with-royalblue-and-black-color,,,68.25,740.75,1,,,
01/21/2023 19:47:51,KC-2-P1,616,5.5,300,block-printed-in-blue-abstract,615,applique-with-red-flower,0,1531,1,,,
04/27/2023 10:51:48,CA-1-P1,165,1,,,250,tailoring-stitching,0,415,,KC-2,applique, 
12/08/2022 20:48:33,GS-1-P1,0,5.5,180,block-printed-in-maroon-kolka,,,25,205,1,,,
05/06/2023 12:25:41,MC-3-P1,140,1,80,hand-block-printed-gradient-trees-and-leaves,100,tailoring-stitching,37.85416667,357.8541667,1,GS-1-P1,blouse,
10/08/2023 20:24:48,MC-4-P1,140,1,,,50,stitching-and-tailoring,0,190,1,GS-1-P1,blouse,
12/08/2022 16:48:36,SC-1-P1,4041.231442,41.25,2250,Block-printed-with-royal-blue-and-black,270,stitch-join-half-saree,25,6586.231442,,,,
12/01/2022 23:31:00,SC-2-P1,3230.022321,41.25,,,,,72.4,3302.422321,,SC-1,half-saree,
12/08/2022 23:30:18,CaC-1-P1,1408,16,540,block-printed-with-black-and-white-zigzag-lines,,,25,1973,,SC-1-P1,blouse,
12/08/2022 23:36:18,AM-1-P1,577.5,5.5,700,hand-paint-of-lord-krishna-playing-flute-with-the-symbolic-peacock-feathers-in-blue-green-yellow-and-black,,,98,1375.5,1,,,
01/21/2023 00:29:11,ArS-1-P1,60,1,,,0,stitching,0,60,1,CS-2-P1,blouse,
01/21/2023 00:31:09,ArS-2-P1,60,1,,,0,stitching,0,60,1,CS-1-P1,blouse,
04/01/2024 20:58:23,ArS-3-P1,60,1,,,350,stitching-and-tailoring,0,410,1,MC-2-P1,blouse,
12/08/2023 01:40:08,ArS-5-P1,60,1,,,0,stitching-and-tailoring,0,60,1,MC-1-P1,blouse,
,ArS-6-P1,60,1,,,,,,,,FS-1-P1,blouse,
02/14/2023 13:02:54,SC-1-P2,195.9384942,2,80,block-printed-abstract-face-in-black-with-leafy-green-borders,250,stitching,25,550.9384942,1,,,
02/14/2023 13:03:43,SC-1-P3,156.7507953,1.6,80,abstract-block-print-in-black-with-green-twigs-coming-out,250,stitching,25,511.7507953,1,,,      
12/08/2022 20:23:18,CSC-1-P1,269.5,2.75,180,abstract-hand-block-printed-with-firozi-and-black,20,stitch-join-half-saree,25,494.5,1,,,
01/21/2023 00:43:46,CSC-2-P1,316.25,2.75,,,350,stitched-leaves-in-vertical-stem,0,666.25,,CSC-1-P1,half-saree,
01/21/2023 00:47:01,CSC-2-P2,316.25,2.75,,,250,random-spirals-stitched-all-over,0,566.25,,CSC-3-P1,half-saree,
12/08/2022 20:24:05,CSC-3-P1,316.25,2.75,180,abstract-hand-block-printed-with-firozi-and-black,20,stitch-join-half-saree,25,541.25,,,,
12/04/2022 19:07:20,CS-4-P1,1015.384615,5.5,420,"ajraak-block-print-with-firozi,-yellow,-and-maroon",,,50,1485.384615,1,,,
01/20/2023 18:48:51,CS-4-P2,184.6153846,1,100,ajraak-block-print-with-firozi-and-black,,,83.33333333,367.9487179,1,CS-4-P1,blouse,
01/21/2023 00:39:56,CSC-1-P2,122.5,1.25,100,floral-block-print-in-firozi,,,0,222.5,1,CSC-1-P1,blouse,
25/07/2023 17:56:23,R-2-P1,852.5,5.5,180,abstract-rhombus-shaped-block-print-in-black,100,stitching-and-tailoring,0,1132.5,1,,,
02/10/2023 21:41:07,SC-1-P4,195.9384942,2,80,block-printed-in-black-abstract,100,stitching-and-tailoring,0,375.9384942,1,SC-2-P2,kurti-pant,
,SC-1-P5,48.98462354,0.5,,,,,,,,,,
,CaC-1-P2,176,2,,,,,,,,,,
,CaC-1-P3,176,2,,,,,,,,,,
02/10/2023 21:41:56,SC-2-P2,156.6071429,2,80,block-printed-dolls-in-blue,150,stitching-and-tailoring,0,386.6071429,1,,,
12/08/2022 20:12:17,T-1-P1,0,5.5,250,discharge-on-chocolate-brown,,,25,275,1,,,
12/08/2022 20:33:26,MS-1-P1,250,2,80,hand-block-printed-free-birds-in-front-and-caged-birds-at-back,,,25,355,1,,  ,
12/08/2022 22:20:12,C-1-P1,300,2.5,192.5,block-printed-red-rose-on-beige-base,,,25,517.5,,,,
12/08/2022 22:21:14,C-1-P2,300,2.5,192.5,block-printed-kolka-on-beige-base,,,25,517.5,,C-1-P1,kurti-piece,
,C-1-P3,300,2.5,,,,,,,,,,
,C-1-P4,420,3.5,,,,,,,,,,
12/08/2022 22:29:32,M-2-P1,125,2.3,50,red-dye,,,25,200,,C-1-P1,dupatta,
12/08/2022 22:46:16,PC-1-P1,583.8461541,5.5,427.5,dyed-with-mauve-color.-floral-block-print-with-violet-in-the-body-and-with-black-in-the-pallu,,,25,1036.346154,1,,,
12/08/2022 23:22:49,CC-5-P1,360,5.5,427.5,abstract-block-print-on-black-and-white-dye,,,25,812.5,,,,
12/17/2022 20:36:12,MS-1-P2,275,2.2,100,"block-printed-with-Pharaoh,-and-Hyroglifics-in-the-theme-of-Egypt.",,,50.22222222,425.2222222,,,,
12/17/2022 20:45:44,M-1-P1,275,5.5,200,traditional-folk-musicians-block-printed-in-yellow-and-green-through-the-middle.-Abstract-prints-in-the-surrounding-area.,,,50.22222222,525.2222222,1,,,
12/23/2022 10:14:16,PC-2-P1,423.0769231,5.5,250,block-printed-in-dark-green-and-light-green-plants.-The-border-is-in-brown-color.,,,25,698.0769231,1,,,
12/23/2022 10:15:51,PC-2-P2,76.92307692,1,100,block-printed-with-white-flowers-on-the-background-of-deep-yellow.,,,25,201.9230769,1,PC-2-P1,blouse,
12/23/2022 10:22:59,PS-1-P1,2295.468067,5.5,300,floral-block-print-with-yellow-white-and-green-colors-on-the-base-of-charming-red.-The-border-is-printed-in-yellow-and-green.,,,25,2620.468067,1,,,
12/23/2022 10:25:06,PS-1-P2,354.7541558,0.85,100,sleeve-edges-and-waist-part-is-printed-in-green-and-yellow-on-the-base-of-red.,,,25,479.7541558,1,PS-1-P1,blouse,
02/14/2023 11:57:08,CaC-2-P1,513.0506667,5.7,600,abstract-arrow-pattern-discharge-on-black-dye,500,stitching,24,1637.050667,1,,,
02/13/2023 01:06:04,CaC-2-P2,252.0248889,2.8,180,"dye-in-grey-,-block-printed-abstract-black-and-red-geometric-patterns",,,24,456.0248889,1,,,
02/13/2023 01:06:04,CaC-2-P3,252.0248889,2.8,180,"dye-in-mustard-yellow-,-block-printed-red-flowers-and-black-abstract-borders",,,24,456.0248889,,,,
02/14/2023 12:02:52,CaC-2-P4,225.0222222,2.5,300,abstract-arrow-pattern-discharge-on-bottle-green-dye,250,stitching,24,799.0222222,1,,,
02/13/2023 01:06:04,CaC-2-P5,225.0222222,2.5,100,grey-dye,,,24,349.0222222,,CaC-2-P4,ladies-kurti,
02/14/2023 12:19:40,MS-2-P1,206.358876,1.85,80,block-printed-abstract-steps-in-blue,250,stitching,24,560.358876,1,,,
02/14/2023 12:33:59,FC-1-P1,275.2222223,2.5,180,block-printed-in-Sanskrit-dialect-and-painted-om,250,stitching,24,729.2222223,1,,,
12/08/2023 01:20:09,MS-3-P1,219.1322752,2,50,block-printed-king-cards-and-spade-symbols,250,stitching-and-tailoring,0,519.1322752,1,,,
02/13/2023 01:06:04,MS-3-P2,109.5661376,1,30,block-printed-abstract-dots,,,24,163.5661376,,,,
,R-3-P1,246.1538461,1.6,,,,,,,,,,
,MC-9-P1,331.5155624,2.75,,,,,,,,,,
02/13/2023 01:06:04,HT-2-P1,604.7966752,2.18,100,"block-printed-with-Pharaoh,-and-Hyroglifics-in-the-theme-of-Egypt-in-brown.",,,24,728.7966752,,,,
02/13/2023 01:06:04,MC-5-P1,652.5299737,5.5,200,block-printed-in-the-impression-of-birds-flying-out-from-branches-toward-open-blue-sky.,,,24,876.5299737,,,,
05/03/2023 18:15:15,CA-1-P2,237.4,1,,,250,tailoring-stitching,0,487.4,1,KC-2-P1,blouse,
02/13/2023 01:06:04,PG-1-P1,382.5,1.5,80,abstract-block-print-in-black,,,24,486.5,,,,
25/07/2023 20:37:27,FS-1-P1,852.5,5.5,,,299.5,stitching-border,0,1152,1,,,
01/21/2023 00:02:11,CC-6-P1,443.3333334,5.5,250,Fishes-on-the-layered-tides-block-printed-in-black-and-maroon.,,,0,693.3333334,1,,,
01/21/2023 00:04:07,FPC-1-P1,383.3333333,1,,,0,stitching,0,383.3333333,1,,,
01/21/2023 00:51:02,CSC-2-P3,115,1,,,100,random-spirals-stitched,0,215,,CSC-3-P1,blouse,
01/21/2023 20:00:10,KS-1-P1,467.5,5.5,300,abstract-block-printed-in-blue,,,0,767.5,1,,,
01/21/2023 20:05:57,KS-2-P1,467.5,5.5,300,abstract-block-printed-in-red-and-black,,,0,767.5,1,,,
,SC-3-P1,269.5,2.75,,,,,,,,,,
01/30/2023 23:59:50,CS-5-P1,551.0882355,5.5,180,block-printed-steps-and-kolka-in-black,,,30,761.0882355,1,,,
01/30/2023 00:18:08,CSC-5-P1,551.0882355,5.5,180,block-printed-diagonally-in-blue-geometric-patterns,,,30,761.0882355,1,,,
01/30/2023 00:22:54,CSC-6-P1,414.0882353,5.5,180,block-printed-great-abstract-border-in-black-and-circular-madhubani-print-in-blue,,,30,624.0882353,1,,,
01/30/2023 00:28:32,MC-11-P1,168.5882353,1,,,150,stitching-etc,30,348.5882353,,CS-5-P1,blouse,
02/05/2023 22:30:58,AS-2-P1,220.9642857,1.5,,,500,stitching,0,720.9642857,1,,,
26/07/2023 00:09:47,MC-7-P1,413.5882352,2.75,80,block-printed-in-firozi-squares,507,stitching-and-tailoring,24,1024.588235,1,,,
02/13/2023 01:06:04,CaC-2-P6,270.0266667,3,200,"lime-green-dye-,-block-printed-with-Pharaoh,-and-Hyroglifics-in-the-theme-of-Egypt-in-brown.",,,24,494.0266667,1,,,
02/13/2023 01:06:04,KoC-1-P1,541.5,5.7,180,"dye-in-skyblue-and-yellow,-block-printed-birds-in-blue-with-flowers-in-red.",,,24,745.5,,,,
02/22/2023 12:38:12,PrC-8-P1,200,2,,,250,stitching,0,450,1,,,
03/07/2023 19:52:18,AM-2-P1,584.3342857,5.5,650,hand-paint-with-polash-phool-spreaded-all-over-the-saree-with-branches-in-the-pallu,,,0,1234.334286,1,,,
03/07/2023 21:56:36,ArS-7-P1,95.71428571,1,,,250,stitching,0,345.7142857,1,,,
03/07/2023 21:59:22,FR-2-P1,135,1,,,230,stitching,0,365,1,,,
03/11/2023 18:07:57,PrC-7-P1,282.6666666,2,,,250,stitching,0,532.6666666,1,,,
05/23/2023 20:27:54,AM-3-P1,561.1250002,5.5,650,hand-paint-with-polash-phool-spreaded-all-over-the-saree-with-branches-in-the-pallu,,,0,1211.125,1,,,
04/12/2023 09:15:55,SC-15-P1,196.6666667,2,150,hand-block-print-and-hand-paint-ektara-birds,,,0,346.6666667,1,,,
04/22/2023 21:38:25,H-4-P1,180.5226,1,0,royal-blue-dye,,,44.4208,224.9434,,O-2-P1,blouse,
,O-2-P1,769.6807998,5.5,,,,,,,,,,
,O-3-P1,769.6807998,5.5,,,,,,,,,,
04/22/2023 21:40:22,H-4-P2,180.5226,1,0,chocolate-dye,,,44.4208,224.9434,,O-3-P1,blouse,
,MoC-4-P1,726.37444,5.5,,,,,,,,,,
,MoC-3-P1,733.37792,5.5,,,,,,,,,,
25/07/2023 17:09:41,BT-1-P1,450,5.5,180,hand-block-print-with-leaves-in-orange-red-and-brown,,,0,630,1,,,
04/25/2023 18:34:19,BT-1-P2,450,5.5,180,red-blue-green-indian-flag-block-print,,,23.5,653.5,1,,,
04/25/2023 18:38:54,BT-1-P3,450,5.5,180,tree-made-with-square-green-blocks-and-the-stem-in-black.-Leaves-are-painted-discretely-all-over-the-saree.-The-pallu-has-a-gradient-of-color-on-trees-representing-jungle,,,23.5,653.5,1,,,
04/25/2023 18:45:24,CSC-7-P1,414.0882353,5.5,180,kothakoli-hand-block-print-in-firoji-and-black,,,23.5,617.5882353,,,,
04/25/2023 18:49:05,JM-1-P1,315,5.5,85,black-block-print-and-antant-logo-for-accessories,,,23.5,423.5,,,,
25/07/2023 22:05:24,CSC-10-P1,330,4,160,black-red-floral-block-print,585,stitching-and-tailoring,0,1075,1,,,
29/07/2023 10:58:26,SC-17-P1,245.8333333,2.5,80,black-red-floral-block-print,150,stitching-and-tailoring,0,475.8333333,1,,,
05/02/2023 01:35:48,KC-4-P1,188.6180556,1.57,51.025,face-block-print,250,tailoring-stitching,23.5,513.1430556,1,,,
04/25/2023 19:12:09,KC-4-P2,188.6180556,1.57,51.025,face-block-print,,,23.5,263.1430556,,,,
04/25/2023 19:12:33,KC-4-P3,377.2361111,3.14,102.05,book-block-print,,,23.5,502.7861111,1,,,
09/08/2023 02:08:52,KC-4-P4,64.87,0.54,17.55,black-leaf-block-print,100,stitching-and-tailoring,0,182.42,1,,,
04/25/2023 19:14:59,KC-4-P5,145.68,1.2126,39.4,red-leaf-block-print,,,23.5,208.58,,,,
04/26/2023 21:04:41,PrC-31-P1,296.1111112,2,,,200,tailoring-stitch,0,496.1111112,1,,,
04/28/2023 00:44:51,R-4-P1,454.8382352,2.75,200,block-printed-jamini-roy-woman-face,20,stitching-with-half-saree,0,674.8382352,1,,,
04/28/2023 00:50:39,R-6-P1,454.8382352,2.75,,,130,stitching-border-red-art-silk,0,584.8382352,,R-4-P1,half-saree,
04/28/2023 00:52:50,R-5-P1,165.3957219,1,100,block-printed-jamini-roy-woman-face,250,tailoring-stitching,0,515.3957219,1,R-4-P1,blouse,
04/29/2023 01:54:07,SC-11-P1,767.2142858,5.5,180,hand-block-print-flower-strings-and-leaves-in-pallu,,,0,947.2142858,1,,,
05/04/2023 16:55:09,C-4-P1,480,5.5,400,hand-block-printed-triangles,,,0,880,1,,,
24/09/2023 10:48:04,MoC-9-P1,687.5,5.5,,,600,stitching-and-tailoring,0,1287.5,1,,,
,MoC-9-P2,687.5,5.5,,,,,,,,,,
05/07/2023 01:09:23,AM-5-P1,484,5.5,650,hand-paint-with-polash-phool-spreaded-all-over-the-saree-with-branches-in-the-pallu,,,0,1134,1,,,
12/07/2023 11:36:10,AM-5-P2,484,5.5,650,hand-paint-with-polash-phool-spreaded-all-over-the-saree-with-branches-in-the-pallu,,,0,1134,1,,,
24/07/2023 10:57:10,AM-5-P3,484,5.5,650,hand-paint-with-polash-phool-spreaded-all-over-the-saree-with-branches-in-the-pallu,,,0,1134,1,,,
,AM-5-P4,484,5.5,,,,,,,,,,
,AM-5-P5,484,5.5,,,,,,,,,,
24/07/2023 16:00:45,PrC-33-P1,238.4812838,1.5,,,150,stitching-and-tailoring,0,388.4812838,1,,,
12/08/2023 03:29:31,MoC-7-P1,725.9107405,5.5,200,hand-block-print-black-square-bottle-green-border,652,applique-beige-flowers,0,1577.910741,1,,,
13/10/2023 00:28:59,CS-10-P1,443.8613913,5.5,300,hand-block-print,,,0,743.8613913,1,,,
05/01/2024 00:19:51,CS-10-P2,443.8613913,5.5,300,hand-block-print,,,0,743.8613913,1,,,
,CS-10-P3,242.1062135,3,,,,,,,,,,
06/18/2023 17:01:44,PrC-16-P1,381.6111112,2,,,250,tailoring-stitching,0,631.6111112,1,,,
06/18/2023 17:25:48,PrC-17-P1,159.4444444,1,,,250,tailoring-stitching,0,409.4444444,1,,,
06/18/2023 17:34:54,PrC-32-P1,190.8055556,1,,,250,tailoring-stitching,0,440.8055556,1,,,
06/18/2023 17:44:34,PrC-14-P1,284.5416666,1.5,,,250,tailoring-stitching,0,534.5416666,1,,,
06/18/2023 18:05:56,PrC-11-P1,284.5416666,1.5,,,250,tailoring-stitching,0,534.5416666,1,,,
06/18/2023 18:49:04,SS-2-P1,854.3008001,5.5,250,hand-block-printed-hypnotic-flowers-in-blue-and-red-pnated-from-bottom-border-of-the-saree,,,0,1104.3008,1,,,
25/07/2023 23:55:56,MoC-2-P1,862.49852,6.5,220,hand-block-print-patli-pallu-in-red-and-black,170,stitching-and-tailoring,0,1252.49852,1,,,
06/18/2023 20:22:23,CC-4-P1,304.6153846,5.5,177,stitching-border-kalam-kari-print-on-grey,,,0,481.6153846,1,,,
,PrC-10-P1,76.80555555,0.5,,,,,,,,CC-4-P1,saree-border,
06/18/2023 20:27:43,PrC-9-P1,153.6111111,1,,,200,tailoring-stitching,0,353.6111111,1,,,
06/21/2023 01:33:31,MoC-2-P2,132.69208,1,100,block-printed-gradient-jungle,150,tailoring-stitching,0,382.69208,1,,,
04/07/2023 13:52:00,MoC-5-P1,508.5714815,5.5,200,hand-block-printed-with-blue-leaves-and-black-zigzag-border,727.3,applique-work-with-CA-3-P1,0,1435.871481,1,,,
,CA-3-P1,177.2857407,1,,,,,,,,MoC-5-P1,applique,
04/07/2023 13:53:20,CA-3-P2,177.2857407,1,,,300,stitching-and-tailoring,0,477.2857407,1,MoC-5-P1,blouse,
04/07/2023 20:06:17,R-7-P1,844.6235611,5.5,180,hand-block-printed-with-maroon-colored-Jamini-roy-style-devi-face,150,stitched-maroon-border,0,1174.623561,1,,,
04/07/2023 20:05:35,R-7-P2,153.5679202,1,20,block-printed-jamini-roy-style-devi-face-in-maroon-color,300,tailoring-and-stitching,0,473.5679202,1,R-7-P1,blouse,
05/07/2023 00:35:33,ArS-12-P1,110,1,,,270,stitching-and-tailoring,0,380,1,,,
05/07/2023 01:22:06,ArS-18-P1,68.2142963,1,,,270,stitching-and-tailoring,0,338.2142963,1,,,
05/07/2023 23:45:49,MoC-12-P1,666.9047622,5.5,,,200,stitched-rani-pink-zari-border,0,866.9047622,1,,,
05/07/2023 23:46:33,MoC-10-P1,190.1547619,1,,,200,stitching-and-tailoring,0,390.1547619,1,,,
12/07/2023 11:38:15,ArS-18-P2,68.2142963,1,,,270,stitching-and-tailoring,0,338.2142963,1,,,
13/07/2023 20:07:37,AS-5-P1,286.6666666,2,,,300,stitching-and-tailoring,0,586.6666666,1,,,
13/07/2023 20:12:04,MoS-6-P1,321.1626666,2,,,300,stitching-and-tailoring,0,621.1626666,1,,,
13/07/2023 23:10:12,ArS-15-P1,67.40740741,1,,,270,stitching-and-tailoring,0,337.4074074,1,,,
24/07/2023 11:01:42,ArS-18-P3,68.2142963,1,,,270,stitching-and-tailoring,0,338.2142963,1,,,
24/07/2023 11:37:55,PrC-34-P1,275.4353024,1.7,,,150,stitching-and-tailoring,0,425.4353024,1,,,
24/07/2023 11:55:23,PrC-17-P2,239.1666666,1.5,,,250,stitching-and-tailoring,0,489.1666666,1,,,
24/07/2023 12:17:47,PrC-37-P1,236.4625001,1.5,,,341.6,stitching-and-tailoring,0,578.0625001,1,,,
,H-4-P3,91.57673335,0.5,,,,,,,,PrC-37-P1,shirt-women,
24/07/2023 12:30:27,PrC-37-P2,157.6416667,1,,,241.6,stitching-and-tailoring,0,399.2416667,1,,,
,H-4-P4,91.57673335,0.5,,,,,,,,PrC-37-P2,crop-top,
24/07/2023 12:59:45,KC-6-P1,186.4539,1.5,60,hand-block-printed-face,250,stitching-and-tailoring,0,496.4539,1,,,
24/07/2023 13:11:54,KC-6-P2,248.6052,2,60,hand-block-printed-birds,250,stitching-and-tailoring,0,558.6052,1,,,
24/07/2023 13:17:58,KC-6-P3,217.52955,1.75,60,hand-block-printed-birds,250,stitching-and-tailoring,0,527.52955,1,,,
24/07/2023 13:25:44,KC-6-P4,124.3026,1,60,hand-block-printed-leaves-and-heartbeat,150,stitching-and-tailoring,0,334.3026,1,,,
24/07/2023 14:16:01,KC-5-P1,126.8256,1,,,150,stitching-and-tailoring,0,276.8256,1,,,
24/07/2023 14:27:11,KC-5-P2,190.2384,1.5,,,250,stitching-and-tailoring,0,440.2384,1,,,
24/07/2023 14:33:23,KC-5-P3,190.2384,1.5,,,250,stitching-and-tailoring,0,440.2384,1,,,
24/07/2023 14:48:43,CaC-3-P1,102.8069333,1,,,230,stitchwork-and-tailoring,0,332.8069333,1,,,
24/07/2023 14:55:48,MSl-2-P1,189.547619,1.9,,,250,stitching-and-tailoring,0,439.547619,1,,,
24/07/2023 15:18:10,RC-2-P1,122.9333333,1.2,,,379,stitchwork-and-tailoring,0,501.9333333,1,,,
,PrC-36-P1,78.82083335,0.5,,,,,,,,RC-2-P1,shirt,
24/07/2023 15:27:49,MSl-1-P1,249.4047619,2.5,,,289.5,stitching-and-tailoring,0,538.9047619,1,,,
,PrC-36-P2,39.41041668,0.25,,,,,,,,MSl-1-P1,kurti,
24/07/2023 15:52:44,KC-6-P5,217.52955,1.75,,,300,stitchwork-and-tailoring,0,517.52955,1,,,
24/07/2023 16:09:11,PrC-33-P2,262.3294121,1.65,,,250,stitching-and-tailoring,0,512.3294121,1,,,
24/07/2023 17:05:49,PrC-18-P1,193.452381,1.5,,,250,stitching-and-tailoring,0,443.452381,1,,,
24/07/2023 16:46:43,SC-22-P1,240.6189577,1.95,,,234.5,stitching-and-tailoring,0,475.1189577,1,,,
,PrC-33-P3,79.49376125,0.5,,,,,,,,SC-22-P1,kurti,
24/07/2023 16:55:51,SC-22-P2,240.6189577,1.95,,,273.85,stitching-and-tailoring,0,514.4689577,1,,,
,PrC-33-P4,23.84812838,0.15,,,,,,,,SC-22-P2,shirt,
24/07/2023 17:11:36,AS-7-P1,263.6666666,2,,,250,stitching-and-tailoring,0,513.6666666,1,,,
06/08/2023 18:30:21,AS-7-P2,131.8333333,1,,,180,stitching-and-tailoring,0.4761904762,312.3095238,1,,,
24/07/2023 17:23:49,PrC-41-P1,363.452381,2.5,,,125,stitching-and-tailoring,0,488.452381,1,,,
24/07/2023 17:25:49,PrC-42-P1,276.4047618,1.95,,,125,stitching-and-tailoring,0,401.4047618,1,,,
24/07/2023 18:43:57,PrC-2-P1,247.6515152,1.5,,,458,stitching-and-tailoring,0,705.6515152,1,,,
,PrC-3-P1,258.0833333,1.45,,,,,,,,PrC-2-P1,skirt,
15/08/2023 18:11:08,SC-22-P3,117.2246204,0.95,,,150,stitching-and-tailoring,0,267.2246204,1,,,
24/07/2023 21:21:59,AS-8-P1,294.5416667,2.25,,,289.5,stitching-and-tailoring,0,584.0416667,1,,,
,PrC-36-P3,39.41041668,0.25,,,,,,,,AS-8-P1,kurti,
24/07/2023 21:42:07,Ti-6-P1,247.1547619,1,,,320,stitching-and-tailoring,0,567.1547619,1,,,
24/07/2023 22:05:04,Ti-4-P1,1063.2958,5.5,,,350,stitching-and-tailoring,0,1413.2958,1,,,
24/07/2023 23:01:44,Ba-1-P1,287.452381,1,,,150,stitching-and-tailoring,0,437.452381,1,,,
24/07/2023 23:21:09,AS-10-P1,266.047619,2,,,250,stitching-and-tailoring,0,516.047619,1,,,
24/07/2023 23:27:05,PrC-34-P2,348.3446471,2.15,,,150,stitching-and-tailoring,0,498.3446471,1,,,
24/07/2023 23:27:45,PrC-34-P3,324.0415322,2,,,150,stitching-and-tailoring,0,474.0415322,1,,,
24/07/2023 23:51:46,PrC-49-P1,356,2,,,150,stitching-and-tailoring,0,506,1,,,
24/07/2023 23:51:58,PrC-49-P2,356,2,,,150,stitching-and-tailoring,0,506,1,,,
24/07/2023 23:52:21,PrC-49-P3,267,1.5,,,130,stitching-and-tailoring,0,397,1,,,
25/07/2023 00:12:51,AS-6-P1,179.1666666,1.25,,,361.25,stitching-and-tailoring,0,540.4166666,1,,,
,PrC-19-P1,160.8796296,1.25,,,,,,,,AS-6-P1,kurti,
25/07/2023 00:21:19,CaC-5-P1,204.88416,2,,,150,stitching-and-tailoring,0,354.88416,1,,,
25/07/2023 00:31:11,CaC-5-P2,204.88416,2,,,225.5,stitching-and-tailoring,0,430.38416,1,,,
,KK-1-P1,75.26787035,0.5,,,,,,,,CaC-5-P2,kurti,
25/07/2023 13:07:08,H-4-P5,366.3069334,2,100,hand-block-print,175,stitching-and-tailoring,0,641.3069334,1,,,
25/07/2023 13:07:20,H-4-P6,457.8836668,2.5,100,hand-block-print,175,stitching-and-tailoring,0,732.8836668,1,H-4-P5,sharara,
25/07/2023 13:12:42,O-1-P1,369.5173333,2.5,,,200,stitching-and-tailoring,0,569.5173333,1,H-4-P5,dupatta,
25/07/2023 15:24:07,PrC-50-P1,324,1.8,,,150,stitching-and-tailoring,0,474,1,,,
25/07/2023 15:25:21,PrC-50-P2,216,1.2,,,150,stitching-and-tailoring,0,366,1,PrC-50-P1,hot-pant,
25/07/2023 15:50:09,CaC-6-P1,153.66312,1.5,90,hand-block-print,150,stitching-and-tailoring,0,393.66312,1,,,
25/07/2023 15:50:24,CaC-6-P2,256.1052,2.5,90,hand-block-print,150,stitching-and-tailoring,0,496.1052,1,CaC-6-P1,"CaC-6-P1,kurti",
10/08/2023 21:07:56,CaC-6-P3,256.1052,2.5,,,150,stitching-and-tailoring,0,406.1052,1,,,
25/07/2023 15:42:02,PrC-51-P1,324,1.8,,,150,stitching-and-tailoring,0,474,1,,,
25/07/2023 16:01:05,PrC-51-P2,216,1.2,,,150,stitching-and-tailoring,0,366,1,PrC-51-P1,hot-pant,
25/07/2023 16:39:55,MoC-3-P2,240.7377067,1.6,,,350,stitching-and-tailoring,0,590.7377067,1,,,
25/07/2023 17:08:31,BT-2-P1,550,5.5,152,hand-block-print-king-queen-face-in-anchal,,,0,702,1,,,
25/07/2023 17:10:43,BT-2-P2,100,1,28,leaf-print,230,stitching-and-tailoring,0,358,1,BT-2-P1,blouse,
25/07/2023 17:21:58,BT-3-P1,650.0000001,5.5,200,Hand-block-print,,,0,850.0000001,1,,,
25/07/2023 17:33:20,H-5-P1,841.0714813,5.5,200,hand-block-print,,,0,1041.071481,1,,,
,G-3-P1,95.01885715,0.5,,,,,,,,,,
25/07/2023 17:54:27,ArS-9-P1,365.7142857,5.5,,,195,stitching-and-tailoring,0,560.7142857,1,,,
25/07/2023 17:58:12,ArS-4-P1,60,1,,,280,stitching-and-tailoring,0,340,1,,,
25/07/2023 19:10:23,KS-3-P1,339.623797,5.5,0,no-block-print,,,0,339.623797,1,,,
25/07/2023 19:11:01,KS-3-P2,52.48731409,0.85,,,250,stitching-and-tailoring,0,302.4873141,1,KS-3-P1,blouse,
25/07/2023 19:25:06,ArS-8-P1,325.7142857,5.8,,,171.5,stitching-and-tailoring,0,497.2142857,1,,,
25/07/2023 19:33:05,G-2-P1,71.26685715,0.5,,,0,border-stitching,0,71.26685715,,,,
25/07/2023 19:35:05,G-2-P2,142.5337143,1,,,250,stitching-and-tailoring,0,392.5337143,1,,,
25/07/2023 19:36:35,R-1-P1,852.5,5.5,,,299.5,stitching-border,0,1152,1,,,
,B-1-P1,201.1111111,9.5,,,,,,,,R-1-P1,border,
25/07/2023 19:42:35,Ti-1-P1,225.6111111,1.3,,,300,stitching-and-tailoring,0,525.6111111,1,,,
25/07/2023 19:50:02,SS-1-P1,572.5000001,5.5,180,hand-block-print,,,0,752.5000001,1,,,
25/07/2023 20:15:09,SC-7-P1,305.2142858,2.75,200,hand-block-print,325.25,stitching-and-tailoring,0,830.4642858,1,,,
,SC-8-P1,303.9611528,2.75,,,,,,,,SC-7-P1,saree,
25/07/2023 20:14:04,PrC-52-P1,200,1,,,211.1,stitching-and-tailoring,0,411.1,1,,,
,SC-8-P2,11.05313283,0.1,,,,,,,,PrC-52-P1,blouse,
25/07/2023 20:25:58,Ti-2-P1,196.3611111,1,,,300,stitching-and-tailoring,0,496.3611111,1,,,
25/07/2023 20:32:54,CSC-4-P1,551.0882355,5.5,200,hand-block-print,,,0,751.0882355,1,,,
,B-2-P1,201.1111111,9.5,,,,,,,,FS-1-P1,border,
25/07/2023 20:39:00,ArS-17-P1,104.4208,1,,,320,stitching-and-tailoring,0,424.4208,1,,,
25/07/2023 21:52:42,MoS-1-P1,888.2142858,5.5,,,20,stitching-and-tailoring,0,908.2142858,,,,
25/07/2023 22:07:24,CSC-9-P1,90,1,,,250,stitching-and-tailoring,0,340,1,,,
25/07/2023 22:03:32,CSC-9-P2,135,1.5,,,400,leaf-stitching-work,0,535,,,,
25/07/2023 22:17:21,MoS-2-P1,888.2142858,5.5,,,20,stitching-and-tailoring,0,908.2142858,1,,,
25/07/2023 22:33:38,MoS-3-P1,182.9642857,1,,,200,stitching-and-tailoring,0,382.9642857,1,,,
25/07/2023 22:34:25,MoS-4-P1,182.9642857,1,,,200,stitching-and-tailoring,0,382.9642857,1,,,
,MC-6-P1,405.9647059,2.75,,,,,,,,MC-7-P1,half-saree,
26/07/2023 00:12:48,MC-6-P2,147.6235294,1,,,250,stitching-and-tailoring,,397.6235294,1,MC-7-P1,blouse,
26/07/2023 00:28:59,Ti-3-P1,1063.2958,5.5,,,300,stitching-and-tailoring,,1363.2958,1,,,
26/07/2023 00:31:21,Ti-5-P1,247.1547619,1,,,350,stitching-and-tailoring,,597.1547619,1,,,
,PrC-53-P1,66.975,0.3,,,,,,,,,,
09/08/2023 21:55:19,CaC-11-P1,117.6,1.2,,,361.5,stitching-and-tailoring,0,479.1,1,,,
06/08/2023 19:34:01,PrC-56-P1,199.5,1.5,,,250,stitching-and-tailoring,0.4761904762,449.9761905,1,,,
06/08/2023 22:23:27,CaC-10-P1,147,1.5,,,265,stitching-and-tailoring,0.4761904762,412.4761905,1,,,
,PrC-53-P2,44.65,0.2,,,,,,,,,,
,CaC-9-P1,49,0.5,,,,,,,,,,
09/08/2023 21:40:11,PrC-55-P1,159.6,1.2,,,299,stitching-and-tailoring,0,458.6,1,,,
06/08/2023 18:14:52,PrC-57-P1,165,1.5,,,250,stitching-and-tailoring,0.4761904762,415.4761905,1,,,
,ArS-11-P1,51.66666665,0.5,,,,,,,,,,
29/07/2023 11:11:36,G-1-P1,163.9642857,1,,,230,stitching-and-tailoring,0,393.9642857,1,,,
29/07/2023 11:10:08,ArS-10-P1,365.7142857,5.5,,,151.5,stitching-and-tailoring,0,517.2142857,1,,,
29/07/2023 11:37:57,PrC-36-P4,236.4625001,1.5,,,200,stitching-and-tailoring,0,436.4625001,1,,,
29/07/2023 11:59:13,PrC-35-P1,411.6414814,2,,,250,stitching-and-tailoring,0,661.6414814,1,,,
29/07/2023 12:01:36,PrC-58-P1,360,2,,,150,stitching-and-tailoring,0,510,1,,,
29/07/2023 12:19:11,PrC-2-P2,297.1818182,1.8,,,200,stitching-and-tailoring,0,497.1818182,1,,,
29/07/2023 12:26:27,SC-14-P1,767.2142858,5.5,180,hand-block-print,,,0,947.2142858,1,,,
29/07/2023 12:33:17,CSC-12-P1,429.4208,5.5,180,hand-block-print,,,0,609.4208,1,,,
29/07/2023 12:39:56,PrC-59-P1,270,1.8,,,200,stitching-and-tailoring,0,470,1,,,
10/08/2023 00:22:46,PrC-12-P1,284.5416666,1.5,,,250,stitching-and-tailoring,0,534.5416666,1,,,
10/08/2023 00:37:38,CaC-9-P2,93.1,0.95,,,356.4,stitching-and-tailoring,0,449.5,1,,,
10/08/2023 01:13:01,PrC-6-P1,190.625,1.5,,,250,stitching-and-tailoring,0,440.625,1,,,
09/08/2023 22:04:13,PrC-6-P2,228.7499999,1.8,,,150,stitching-and-tailoring,0,378.7499999,1,,,
09/08/2023 00:20:57,PrC-46-P1,148.308768,1.1,,,200,0,0,348.308768,1,,,
09/08/2023 23:52:35,StC-1-P1,255.2272728,1.5,,,200,stitching-and-tailoring,0,455.2272728,1,,,
10/08/2023 00:00:43,PrC-45-P1,219.5197044,1.5,,,200,stitching-and-tailoring,0,419.5197044,1,,,
11/08/2023 14:35:52,KK-2-P1,143.6904938,1,,,170,stitching-and-tailoring,0,313.6904938,1,,,
15/08/2023 18:11:33,SC-22-P4,678.6688552,5.5,,,0,stitching-and-tailoring,0,678.6688552,1,,,
10/08/2023 00:51:01,PrC-41-P2,123.5738095,0.85,,,322.5,stitching-and-tailoring,0,446.0738095,1,,,
10/08/2023 00:13:01,PrC-41-P3,188.9952381,1.3,,,279.75,stitching-and-tailoring,0,468.7452381,1,,,
,CS-9-P1,72.64741078,0.85,,,,,,,,,,
,CS-9-P2,29.91363973,0.35,,,,,,,,,,
10/08/2023 01:35:39,AS-10-P2,113.0702381,0.85,,,250,stitching-and-tailoring,0,363.0702381,1,,,
10/08/2023 00:47:16,PrC-57-P2,93.5,0.85,,,322.25,stitching-and-tailoring,0,415.75,1,,,
,CS-9-P3,72.64741078,0.85,,,,,,,,,,
06/08/2023 13:49:28,AS-1-P1,325,2.5,,,250,stitching-and-tailoring,0.4761904762,575.4761905,,,,
06/08/2023 13:49:49,AS-1-P2,195,1.5,,,150,stitching-and-tailoring,0.4761904762,345.4761905,1,,,
06/08/2023 14:00:37,AS-3-P1,71.66666665,0.5,,,100,stitching-and-tailoring,0.4761904762,172.1428571,1,,,
06/08/2023 14:01:19,AS-4-P1,71.66666665,0.5,,,100,stitching-and-tailoring,0.4761904762,172.1428571,1,,,
06/08/2023 17:39:56,PrC-18-P2,128.968254,1,,,218,stitching-and-tailoring,0.4761904762,347.4444445,1,,,
06/08/2023 17:53:46,MoC-2-P3,165.8651,1.25,29,block-print,170,stitching-and-tailoring,0.4761904762,365.3412905,1,,,
06/08/2023 18:15:19,AS-5-P2,71.66666665,0.5,,,180,stitching-and-tailoring,0.4761904762,252.1428571,1,,,
06/08/2023 18:27:15,PrC-13-P1,284.5416666,1.5,,,130,stitching-and-tailoring,0.4761904762,415.0178571,1,,,
06/08/2023 18:31:20,AS-7-P3,131.8333333,1,,,180,stitching-and-tailoring,0.4761904762,312.3095238,1,,,
06/08/2023 18:37:02,PrC-13-P2,189.6944444,1,,,130,stitching-and-tailoring,0.4761904762,320.1706349,1,,,
06/08/2023 19:09:53,MoS-6-P2,80.29066665,0.5,,,200,stitching-and-tailoring,0.4761904762,280.7668571,1,,,
04/01/2024 22:40:25,AS-9-P1,387.1666668,3,,,280,stitching-and-tailoring,0,667.1666668,1,,,
06/08/2023 23:06:18,PrC-26-P1,174.2351111,2.5,,,150,stitching-and-tailoring,0.4761904762,324.7113016,1,,,
06/08/2023 23:06:42,PrC-28-P1,174.2351111,2.5,,,100,stitching-and-tailoring,0.4761904762,274.7113016,1,,,
06/08/2023 23:06:50,PrC-27-P1,174.2351111,2.5,,,100,stitching-and-tailoring,0.4761904762,274.7113016,1,,,
06/08/2023 23:50:38,PrC-20-P1,174.2351111,2.5,,,150,stitching-and-tailoring,0.4761904762,324.7113016,1,,,
06/08/2023 23:50:54,PrC-21-P1,174.2351111,2.5,,,100,stitching-and-tailoring,0.4761904762,274.7113016,1,,,
06/08/2023 23:51:07,PrC-22-P1,174.2351111,2.5,,,100,stitching-and-tailoring,0.4761904762,274.7113016,1,,,
09/08/2023 00:01:41,MoS-5-P1,240.872,1.5,,,180,0,0,420.872,1,,,
09/08/2023 02:03:01,KC-7-P1,259.7104,2,40,hand-block-print,150,stitching-and-tailoring,0,449.7104,,,,
09/08/2023 02:14:44,KC-7-P2,129.8552,1,20,hand-block-print,150,stitching-and-tailoring,0,299.8552,1,,,
09/08/2023 02:19:46,KC-7-P3,129.8552,1,20,hand-block-print,100,stitching-and-tailoring,0,249.8552,1,,,
,PrC-55-P2,106.4,0.8,,,,,,,,,,
10/08/2023 01:54:30,PrC-19-P2,154.4444444,1.2,,,150,stitching-and-tailoring,0,304.4444444,1,,,
10/08/2023 01:54:51,PrC-19-P3,70.78703704,0.55,,,100,stitching-and-tailoring,0,170.787037,1,,,
,AS-11-P1,34.20833333,0.25,,,,,,,,,,
,AS-11-P2,34.20833333,0.25,,,,,,,,,,
11/08/2023 00:20:25,AS-12-P1,171.0416666,1.25,,,184.25,stitching-and-tailoring,0,355.2916666,1,,,
11/08/2023 00:21:16,AS-12-P2,171.0416666,1.25,,,184.25,stitching-and-tailoring,0,355.2916666,1,,,
10/08/2023 20:38:23,AF-1-P1,401.4533333,2.5,,,150,stitching-and-tailoring,0,551.4533333,1,,,
10/08/2023 20:38:34,PrC-39-P1,306.6041666,2.15,,,150,stitching-and-tailoring,0,456.6041666,1,,,
10/08/2023 21:07:34,AS-8-P2,294.5416667,2.25,,,150,stitching-and-tailoring,0,444.5416667,1,,,
10/08/2023 23:26:01,PrC-60-P1,225,1.5,,,180,stitching-and-tailoring,0,405,1,,,
10/08/2023 23:26:07,PrC-60-P2,225,1.5,,,180,stitching-and-tailoring,0,405,1,,,
10/08/2023 23:52:16,PrC-15-P1,254.8376069,1.6,,,340,stitching-and-tailoring,0,594.8376069,1,,,
,PrC-14-P2,189.6944444,1,,,,,,,,,,
11/08/2023 00:05:53,PrC-11-P2,189.6944444,1,,,340,stitching-and-tailoring,0,529.6944444,1,,,
,PrC-32-P2,190.8055556,1,,,,,,,,,,
11/08/2023 00:22:27,AS-11-P3,273.6666666,2,,,130,stitching-and-tailoring,0,403.6666666,1,,,
,PrC-33-P5,158.9875225,1,,,,,,,,,,
,PrC-33-P6,63.595009,0.4,,,,,,,,,,
11/08/2023 13:11:23,CC-2-P1,360,6.5,,,163.6,stitching-and-tailoring,0,523.6,1,,,
11/08/2023 13:14:10,PrC-33-P7,158.9875225,1,,,150,stitching-and-tailoring,0,308.9875225,1,,,
11/08/2023 15:17:09,KK-2-P2,143.6904938,1,,,0,used-for-border,0,143.6904938,,,,
11/08/2023 14:35:16,CC-1-P1,360,6.5,,,172,stitching-and-tailoring,0,532,1,,,
11/08/2023 14:36:46,KK-2-P3,143.6904938,1,,,150,stitching-and-tailoring,0,293.6904938,1,,,
11/08/2023 14:43:21,SC-6-P1,403.2142856,3.75,,,479.8,stitching-and-tailoring,0,883.0142856,1,,,
11/08/2023 15:11:39,SC-4-P1,403.2142856,3.75,,,525.5,stitching-and-tailoring,0,928.7142856,1,,,
,SC-5-P1,329.7142857,3,,,,,,,,,,
11/08/2023 15:17:22,KK-1-P2,150.5357407,1,,,170,stitching-and-tailoring,0,320.5357407,1,,,
,MSl-2-P2,29.92857143,0.3,,,,,,,,,,
,MSl-2-P3,29.92857143,0.3,,,,,,,,,,
11/08/2023 15:36:45,PrC-33-P8,174.8862748,1.1,,,310,stitching-and-tailoring,0,484.8862748,1,,,
11/08/2023 15:56:08,PrC-15-P2,159.2735043,1,,,170,stitching-and-tailoring,0,329.2735043,1,,,
,SC-9-P1,315.0142857,2.85,,,,,,,,,,
11/08/2023 15:58:53,SC-10-P1,403.2142856,3.75,,,426.35,stitching-and-tailoring,0,829.5642856,1,,,
11/08/2023 23:38:36,PrC-38-P1,394.1041668,2.5,,,200,stitching-and-tailoring,0,594.1041668,1,,,
12/08/2023 00:04:04,ArS-20-P1,97.85416667,1,,,320,stitching-and-tailoring,0,417.8541667,1,,,
12/08/2023 00:17:26,PrC-7-P2,282.6666666,2,,,200,stitching-and-tailoring,0,482.6666666,1,,,
12/08/2023 00:50:55,AS-3-P2,286.6666666,2,,,250,stitching-and-tailoring,0,536.6666666,1,,,
12/08/2023 00:51:13,AS-4-P2,286.6666666,2,,,150,stitching-and-tailoring,0,436.6666666,1,,,
,KC-3-P1,68.04266665,0.5,,,,,,,,,,
12/08/2023 01:31:28,PrC-4-P1,136.5333334,1.2,,,318,stitching-and-tailoring,0,454.5333334,1,,,
12/08/2023 01:42:27,ArS-5-P2,90,1.5,,,300,stitching-and-tailoring,0,390,1,,,
12/08/2023 02:34:04,CG-1-P1,309.1666667,1.5,,,150,stitching-and-tailoring,0,459.1666667,1,,,
12/08/2023 02:51:56,BT-1-P4,473.5,5.5,200,hand-block-print-red-purple-green-yellow,50,stitching-and-tailoring,0,723.5,1,,,
12/08/2023 02:52:32,BT-4-P1,450,5.5,200,hand-block-print-red-purple-green-yellow,50,stitching-and-tailoring,0,700,1,,,
12/08/2023 03:15:46,KC-1-P1,660,5.5,200,hand-block-print-mantra-red-black,450,stitching-applique-durga-faces,0,1310,1,,,
,MoC-7-P2,725.9107405,5.5,,,,,,,,,,
,PrC-40-P1,151.9270833,1,,,,,,,,,,
12/08/2023 03:30:23,PrC-40-P2,151.9270833,1,,,150,stitching-and-tailoring,0,301.9270833,1,,,
12/08/2023 03:57:09,KC-5-P4,190.2384,1.5,,,150,stitching-and-tailoring,0,340.2384,1,,,
12/08/2023 22:29:05,CA-2-P1,397.3333333,2.6,,,250,stitching-and-tailoring,0,647.3333333,1,,,
13/08/2023 08:27:54,R-11-P1,435.0562197,2.75,,,534.5,stitching-and-tailoring,0,969.5562197,1,,,
,R-13-P1,446.0114816,2.75,,,,,,,,,,
13/08/2023 08:36:14,R-8-P1,391.2153952,2.75,,,534.5,stitching-and-tailoring,0,925.7153952,1,,,
,R-10-P1,435.0562197,2.75,,,,,,,,,,
13/08/2023 08:59:02,CC-7-P1,360,6.5,500,hand-block-print-amber,180,stitching-and-tailoring,0,1040,1,,,
09/24/2023 09:29:40,MoC-9-P3,143.9270833,1,,,250,stitching-and-tailoring,0,393.9270833,1,,,
09/24/2023 09:29:50,MoC-9-P4,143.9270833,1,,,250,stitching-and-tailoring,0,393.9270833,1,,,
24/09/2023 10:40:01,PrC-6-P3,88.95833331,0.7,,,356.5,stitching-and-tailoring,0,445.4583333,1,,,
,MoC-6-P1,106.4650806,0.8,,,,,,,,,,
10/06/2023 00:46:11,CaC-5-P3,204.88416,2,,,200,stitching-and-tailoring,0,404.88416,1,,,
10/06/2023 00:46:36,MC-12-P1,277.1111112,2,,,200,stitching-and-tailoring,0,477.1111112,1,,,
06/10/2023 01:27:29,CaC-5-P4,256.1052,2.5,100,hand-block-print,,,0,356.1052,1,,,
06/10/2023 01:54:20,CaC-4-P1,210.8069334,2,,,200,stitching-and-tailoring,0,410.8069334,1,,,
13/10/2023 00:43:08,ArS-18-P4,68.2142963,1,,,270,stitching-and-tailoring,0,338.2142963,1,,,
15/10/2023 17:14:49,FC-2-P1,268.3333333,2.5,160,hand-block-print-and-hand-paint,250,stitching-and-tailoring,0,678.3333333,1,,,
20/10/2023 11:04:08,PrC-47-P1,328.8045037,2.35,,,150,stitching-and-tailoring,0,478.8045037,1,,,
20/10/2023 11:04:35,PrC-47-P2,251.8502582,1.8,,,130,stitching-and-tailoring,0,381.8502582,1,,,
20/10/2023 11:13:05,AS-14-P1,303.8503401,2.3,,,180,stitching-and-tailoring,0,483.8503401,1,,,
16/11/2023 23:30:09,BT-5-P1,450,5.5,200,hand-block-print,,,0,650,1,,,
17/12/2023 16:04:53,MaC-1-P1,905.2323077,5.5,170,hand-block-print,,,,,,,,
17/12/2023 16:05:06,MaC-1-P2,164.5876923,1,30,hand-block-print,,,,,,,,
17/12/2023 16:14:06,CaC-12-P1,87.465,0.85,100,hand-block-print,,,,,,,,
,R-16-P1,77.3053846,0.5,,,,,,,,,,
,R-17-P1,77.3053846,0.5,,,,,,,,,,
29/12/2023 21:13:35,CaC-14-P1,164.64,1.6,,,266,stitching-and-tailoring,0,430.64,1,,,
4/1/2024 20:52:43,KC-11-P1,126,1.6,,,266,stitching-and-tailoring,0,392,1,,,
29/12/2023 21:02:47,CaC-14-P2,164.64,1.6,,,266,stitching-and-tailoring,0,430.64,1,,,
04/01/2024 20:55:55,KC-11-P2,141.75,1.8,,,300,stitching-and-tailoring,0,441.75,1,,,
29/12/2023 23:53:37,KC-10-P1,142.8,1.6,,,258,stitching-and-tailoring,0,400.8,1,,,
04/01/2024 20:06:23,CSC-11-P1,242.5,2.75,80,hand-block-print-firoji-and-black-box-print,,,0,322.5,,,,
04/01/2024 20:24:10,CSC-8-P1,312.5,3.75,,,1360,stitching-and-tailoring,0,1672.5,1,,,
,ArS-3-P2,90,1.5,,,,,,,,,,
04/01/2024 21:14:19,SC-18-P1,245.8333333,2.5,,,350,stitching-and-tailoring,0,595.8333333,1,,,
04/01/2024 21:35:25,PrC-63-P1,406.88,3.1,,,350,stitching-and-tailoring,0,756.88,1,,,
04/01/2024 21:40:43,R-9-P1,435.0562197,2.75,180,hand-block-print,580,stitching-and-tailoring,0,1195.05622,1,,,
04/01/2024 21:41:07,R-9-P2,158.2022617,1,20,hand-block-print-temples-green,300,stitching-and-tailoring,0,478.2022617,1,,,
04/01/2024 21:48:21,C-5-P1,300,3.1,,,550,stitching-and-tailoring,0,850,1,,,
04/01/2024 21:56:26,AS-15-P1,129.68,1,,,150,stitching-and-tailoring,0,279.68,1,,,
,AS-15-P2,129.68,1,,,,,,,,,,
04/01/2024 22:04:36,SC-19-P1,742.611111,5.5,200,table-dye-hand-block,,,0,942.611111,1,,,
04/01/2024 22:06:06,HS-8-P1,250,5.5,,,380,stitching-and-tailoring,0,630,1,,,
04/01/2024 22:30:50,BT-6-P1,450,5.5,200,hand-block-print-multicolour,,,0,650,1,,,
04/01/2024 22:41:48,PrC-64-P1,149.624,1,,,150,stitching-and-tailoring,0,299.624,1,,,
,PrC-64-P2,224.436,1.5,,,,,,,,,,
04/01/2024 22:50:58,HS-11-P1,300,5.5,,,325,stitching-and-tailoring,0,625,1,,,
04/01/2024 23:18:26,AS-9-P2,129.0555556,1,,,140,stitching-and-tailoring,0,269.0555556,1,,,
04/01/2024 23:19:01,AS-9-P3,258.1111112,2,,,140,stitching-and-tailoring,0,398.1111112,1,,,
04/01/2024 23:25:14,HS-12-P1,300,5.5,,,325,stitching-and-tailoring,0,625,1,,,
04/01/2024 23:21:00,PrC-65-P1,149.624,1,,,150,stitching-and-tailoring,0,299.624,1,,,
,PrC-65-P2,224.436,1.5,,,,,,,,,,
,StC-1-P2,119.1060606,0.7,,,,,,,,,,
04/01/2024 23:42:37,HS-13-P1,300,5.5,,,219,stitching-and-tailoring,0,519,1,,,
04/01/2024 23:56:38,SC-20-P1,679.9905442,5.5,180,hand-block-print-phool-ke-rang-se,,,0,859.9905442,1,,,
04/01/2024 23:56:50,SC-21-P1,678.290943,5.5,180,hand-block-print-phool-ke-rang-se,,,0,858.290943,1,,,
05/01/2024 00:14:46,HS-14-P1,300,5.5,,,600,stitching-and-tailoring,0,900,1,,,
05/01/2024 01:15:57,CaC-7-P1,196,2,100,hand-block-print-phool-blue-human-print,350,stitching-and-tailoring,0,646,1,,,